Epoch,Train_Loss,Valid_Loss
1,76.53797912597656,54.84263356526693
2,36.70173454284668,16.88251558939616
3,10.513525856865776,11.335796991984049
4,11.983456399705675,11.25135866800944
5,9.300667232937283,9.019784291585287
6,8.868837727440727,8.736170291900635
7,8.821477307213677,9.00704574584961
8,8.57270712322659,9.031987508138021
9,8.54451158311632,8.898976961771647
10,8.60979594124688,8.492611090342203
11,8.473695702022976,8.831280072530111
12,8.563802030351427,9.220418930053711
13,8.543421215481228,8.496484438578287
14,8.383865727318657,8.815105120340982
15,8.401211897532145,7.644041538238525
16,8.399140357971191,8.84551970163981
17,8.639590528276232,10.475099881490072
18,8.473251713646782,8.78281275431315
19,8.392485512627495,9.513166109720865
20,8.599230819278294,9.721173286437988
21,8.454359372456869,8.279678185780844
22,8.515734248691135,7.785715897878011
23,8.510800202687582,7.697872479756673
24,8.472069051530626,8.016060034434
25,8.42631827460395,9.260510762532553
26,8.503395716349283,9.19391663869222
27,8.729147911071777,8.855846722920736
28,8.52999750773112,10.4688671429952
29,8.349128034379747,7.86620569229126
30,8.503571033477783,8.783003807067871
31,8.43665329615275,8.447879950205484
32,8.538446426391602,9.622843106587728
33,8.503996478186714,11.28433926900228
34,8.573382059733072,8.176340897878012
35,8.45832872390747,9.39492162068685
36,8.471170319451225,11.78867276509603
37,8.63492382897271,10.082914352416992
38,8.499328083462185,8.50334390004476
39,8.410300943586561,8.54773219426473
40,8.583757241566977,9.671215216318766
41,8.58718490600586,9.702824274698893
42,8.606392648484972,8.891310056050619
43,8.389837476942274,8.81702454884847
44,8.558775266011557,8.720552444458008
45,8.468372821807861,8.772928873697916
46,8.405300193362766,9.59592072168986
47,8.561555915408665,9.07016404469808
48,8.427842564053005,9.39375909169515
49,8.49792390399509,7.909902731577556
50,8.567031436496311,8.234577337900797
51,8.663955211639404,9.270457903544107
52,8.513644642300076,9.029095967610678
53,8.484910117255318,7.579927762349446
54,8.44827683766683,8.16685930887858
55,8.356859048207602,9.340374946594238
56,8.389756626553005,8.328315893809
57,8.417966471778023,8.408448855082193
58,8.334902816348606,8.426237265268961
59,8.3239852587382,8.876190185546875
60,8.553776264190674,9.568339665730795
61,8.413727866278755,8.26557445526123
62,8.470729033152262,9.048016548156738
63,8.41319857703315,8.915830612182617
64,8.625654326544868,8.285112222035727
65,8.36725213792589,8.600521087646484
66,8.356074439154732,8.742693742116293
67,8.332300398084852,7.526536305745442
68,8.381711483001709,9.043757597605387
69,8.568822542826334,11.409833908081055
70,8.425743050045437,8.762205123901367
71,8.288174788157145,9.27597681681315
72,8.433335251278347,8.359287103017172
73,8.557417021857368,7.7137041091918945
74,8.35610098308987,9.455921490987143
75,8.51992522345649,9.246781984965006
76,8.453842957814535,10.584825197855631
77,8.257494078742134,10.110773086547852
78,8.392439683278402,9.661264737447103
79,8.44392008251614,9.822157382965088
80,8.322279400295681,8.523992697397867
81,8.461282783084446,9.272989590962728
82,8.588243590460884,8.3857208887736
83,8.365109708574083,8.933780034383139
84,8.351349565717909,8.916959762573242
85,8.376163376702202,7.700458685557048
86,8.345315244462755,10.541940053304037
87,8.374565230475532,8.89316463470459
88,8.235074096255833,8.420341650644938
89,8.451559808519152,9.252121925354004
90,8.310251341925728,8.636279741923014
91,8.373778714074028,7.990593274434407
92,8.455765883127848,9.714631716410318
93,8.311201837327745,9.575910409291586
94,8.495772573682997,8.02280044555664
95,8.60239585240682,8.609918912251791
96,8.342523256937662,8.465645949045816
97,8.41497696770562,7.537990252176921
98,8.380783240000406,8.121829986572266
99,8.370890776316324,10.300517400105795
100,8.364378611246744,8.275530179341635
101,8.235606723361546,7.855116208394368
102,8.39521476957533,7.724601745605469
103,8.48955127927992,9.65871779123942
104,8.35571257273356,8.755749066670736
105,8.297775692409939,9.581530888875326
106,8.282405959235298,9.85231637954712
107,8.52051920360989,9.289243380228678
108,8.350348578559029,9.484595139821371
109,8.423357221815321,8.27955993016561
110,8.306882752312553,7.521218617757161
111,8.306261539459229,10.270313421885172
112,8.269926283094618,7.959959983825684
113,8.460779772864448,10.132105191548666
114,8.313401752048069,7.807596365610759
115,8.288389629787869,8.260345141092936
116,8.386864609188503,9.239503224690756
117,8.373630311754015,7.554701328277588
118,8.375728925069174,9.048351923624674
119,8.322813775804308,11.988272031148275
120,8.418284946017796,7.662305514017741
121,8.365884357028538,9.301390329996744
122,8.330007447136772,8.14470100402832
123,8.303269174363878,10.409241358439127
124,8.469701925913492,9.244103272755941
125,8.432942814297146,8.661916255950928
126,8.548547903696695,9.363550186157227
127,8.407977157168919,7.886679013570149
128,8.391002443101671,8.409236749013266
129,8.274544768863255,6.926196575164795
130,8.398204061720106,9.534064292907715
131,8.496419323815239,9.430444399515787
132,8.367627302805582,7.684562683105469
133,8.470328860812717,8.03318707148234
134,8.338616371154785,8.677111943562826
135,8.20045412911309,8.743956565856934
136,8.373556401994493,8.57597573598226
137,8.39935392803616,7.895487626393636
138,8.249865055084229,7.7736843427022295
139,8.464099725087484,8.440471490224203
140,8.330230712890625,10.266271909077963
141,8.437990294562447,8.020338535308838
142,8.319950050777859,8.767107645670572
143,8.314129564497206,9.278995831807455
144,8.448936144510904,8.016790707906088
145,8.281098047892252,9.832906723022461
146,8.548433621724447,8.629167238871256
147,8.382273462083605,9.533576647440592
148,8.409728368123373,7.837361971537272
149,8.385663774278429,8.72961711883545
150,8.258563889397514,9.831180890401205
151,8.373575263553196,7.811237812042236
152,8.246005323198107,8.441948254903158
153,8.373392105102539,8.690458297729492
154,8.354018529256185,10.12669849395752
155,8.423662980397543,7.472645441691081
156,8.321478737725151,8.343630313873291
157,8.308788882361519,7.808094501495361
158,8.31614605585734,8.218637943267822
159,8.305826081169975,8.130892276763916
160,8.212292618221706,7.541925430297852
161,8.284755865732828,9.192710876464844
162,8.382871468861898,7.468572775522868
163,8.209480073716906,7.9884772300720215
164,8.355677604675293,9.53614362080892
165,8.296691629621717,10.984722773234049
166,8.328014532725016,7.204503218332927
167,8.502216709984673,9.011635621388754
168,8.244502120547825,8.232380549112955
169,8.369698206583658,8.694745381673178
170,8.42289564344618,9.258939743041992
171,8.202882236904568,7.236618439356486
172,8.193797005547417,8.056582609812418
173,8.259565353393555,8.967387676239014
174,8.392246670193142,8.485761960347494
175,8.259382936689589,8.06758483250936
176,8.169543054368761,8.58939520517985
177,8.20964691374037,8.835823059082031
178,8.343146430121529,8.165940125783285
179,8.323230319552952,8.811301867167154
180,8.464135911729601,8.053917249043783
181,8.319766362508139,8.674125035603842
182,8.257131470574272,7.685195763905843
183,8.265803231133354,8.71864382425944
184,8.308401690589058,8.721753438313803
185,8.182156827714708,7.976746241251628
186,8.326827155219185,9.720728874206543
187,8.24548414018419,7.843292236328125
188,8.311199135250515,11.183432896931967
189,8.368717352549234,7.94174861907959
190,8.25962241490682,9.804981549580893
191,8.31047519048055,9.259430249532064
192,8.351173082987467,8.468294143676758
193,8.260301378038195,8.894122441609701
194,8.38038576973809,9.362813313802084
195,8.451106760236952,8.217490355173746
196,8.183217207590738,7.378925641377767
197,8.263215806749132,8.43527348836263
198,8.371039867401123,7.759783426920573
199,8.383574803670248,9.56280771891276
200,8.46515146891276,9.014405091603598
201,8.26239342159695,7.924966971079509
202,8.376030921936035,7.994962056477864
203,8.354839695824516,9.642228126525879
204,8.22080405553182,8.985647837320963
205,8.26621283425225,7.534993012746175
206,8.225128226810032,8.246678988138834
207,8.220374637179905,8.654396057128906
208,8.316036966111925,8.797137101491293
209,8.52994155883789,7.494038422902425
210,8.441196123758951,7.738733609517415
211,8.420526875389946,8.196402708689371
212,8.219606293572319,8.692314465840658
213,8.328091886308458,8.358892917633057
214,8.449826346503365,9.229508717854818
215,8.226358890533447,8.621281623840332
216,8.262809170616997,9.472214380900065
217,8.319463306003147,10.275141080220541
218,8.259169048733181,8.89262580871582
219,8.180784702301025,10.260492642720541
220,8.240692085689968,8.928600947062174
221,8.382285541958279,8.130905310312906
222,8.233918719821506,8.009015242258707
223,8.315854920281303,7.0350422859191895
224,8.330435646904839,7.749814351399739
225,8.236005147298178,9.027823130289713
226,8.396505779690212,9.3230668703715
227,8.334707207149929,8.955034097035727
228,8.449182298448351,8.126989682515463
229,8.502635055118137,8.044528325398764
230,8.205063766903347,9.742927551269531
231,8.211542447408041,9.282300313313803
232,8.12293889787462,10.781193256378174
233,8.220820003085667,8.472499211629232
234,8.068044715457493,7.796003818511963
235,8.21492369969686,9.384751001993815
236,8.36693811416626,7.36720069249471
237,8.268107361263699,8.005060513814291
238,8.163000689612495,7.763757387797038
239,8.264853795369467,9.640830675760904
240,8.28422212600708,7.744915962219238
241,8.23478725221422,8.810400009155273
242,8.327819241417778,7.702629566192627
243,8.225734127892387,8.952057838439941
244,8.24380350112915,9.470283508300781
245,8.350727876027426,7.667366981506348
246,8.291690402560764,8.894556999206543
247,8.209615336524116,9.038461049397787
248,8.360249466366238,7.450695991516113
249,8.461487929026285,8.381133874257406
250,8.353784084320068,8.562119801839193
251,8.238171577453613,8.455998738606771
252,8.241178830464682,7.974109013875325
253,8.439811441633436,9.252301851908365
254,8.21228477689955,9.450259685516357
255,8.235577689276802,8.165866216023764
256,8.222333590189615,8.285385767618815
257,8.353476577334934,8.810063997904459
258,8.442278226216635,8.501454989115397
259,8.388759030236137,8.30379311243693
260,8.183769914839003,10.306031545003256
261,8.249287287394205,8.369771162668863
262,8.25867387983534,7.4204990069071455
263,8.272270891401503,8.490874608357748
264,8.32539833916558,8.417028427124023
265,8.167149914635552,8.618735949198404
266,8.130896144443089,8.235650221506754
267,8.24310212665134,7.8123494784037275
268,8.224650806850857,8.290788809458414
269,8.233199543423122,9.047327041625977
270,8.43382125430637,8.438324451446533
271,8.418759028116861,7.502038319905599
272,8.09778520796034,9.9642333984375
273,8.273671838972303,7.414918740590413
274,8.342791239420572,9.863579114278158
275,8.32180897394816,9.232951800028482
276,8.253728124830458,7.055025498072307
277,8.382004155053032,7.967945098876953
278,8.365865177578396,8.555086453755697
279,8.439490265316433,8.761778195699057
280,8.116807831658257,8.15010150273641
281,8.115549988216824,7.8622511227925616
282,8.131871276431614,8.423773447672525
283,8.17607323328654,9.728112856547037
284,8.135326173570421,7.2372894287109375
285,8.260951571994358,8.82389465967814
286,8.19867499669393,9.10638984044393
287,8.3329209751553,9.473813692728678
288,8.314403163062202,7.809533596038818
289,8.252604696485731,10.899361610412598
290,8.263570891486275,8.678580443064371
291,8.217752350701225,7.690856297810872
292,8.273199081420898,8.599142074584961
293,8.471400366889107,7.8697381019592285
294,8.27097929848565,9.2328888575236
295,8.223923524220785,8.632179896036783
296,8.217838287353516,8.117232163747152
297,8.193539725409615,8.311039129892984
298,8.219707171122232,9.546065012613932
299,8.172015560997856,8.472963651021322
300,8.207843886481392,9.648222287495932
301,8.300969229804146,7.92794402440389
302,8.108080916934544,8.809277216593424
303,8.217413849300808,8.040737787882486
304,8.178366978963217,8.506816228230795
305,8.272577497694227,8.713150978088379
306,8.262681272294786,7.49528694152832
307,8.22108432981703,8.935497601826986
308,8.239726967281765,10.06519889831543
309,8.205045382181803,8.778687318166098
310,8.21296501159668,8.251725196838379
311,8.257918039957682,9.623234589894613
312,8.210804515414768,7.439717133839925
313,8.26816659503513,8.574275334676107
314,8.16243929333157,8.467034975687662
315,8.097015486823189,9.165228366851807
316,8.227779971228706,7.632105032602946
317,8.232364336649576,8.096326033274332
318,8.180054293738472,8.375314076741537
319,8.267925474378798,9.773779233296713
320,8.352950678931343,7.783192316691081
321,8.317662609948052,7.816648960113525
322,8.28320222430759,8.555359840393066
323,8.15020947986179,9.888784726460775
324,8.226485888163248,7.365164597829183
325,8.214822080400255,9.027554829915365
326,8.356402979956734,7.693702697753906
327,8.154400931464302,9.211154301961264
328,8.132550769382053,8.774658044179281
329,8.214685228135851,8.92340056101481
330,8.039995935228136,8.191444714864096
331,8.174292935265434,9.265163739522299
332,8.328416029612223,7.9322787920633955
333,8.236716270446777,7.930788040161133
334,8.138194719950357,8.984495798746744
335,8.11983029047648,8.816374778747559
336,8.090166992611355,8.66236130396525
337,8.410734123653835,7.495550950368245
338,8.066899511549208,9.281187852223715
339,8.334868643018934,8.866982618967691
340,8.178460597991943,7.922094821929932
341,8.167963345845541,8.994920412699381
342,8.202543788486057,9.388586203257242
343,8.096142027113173,8.234466393788656
344,8.194051371680366,8.754576365152994
345,8.30547030766805,7.758426348368327
346,8.126401795281303,8.097971439361572
347,8.126036749945747,8.30209461847941
348,8.234639273749458,8.31764523188273
349,8.072047657436794,8.169992764790853
350,8.26145569483439,9.375543912251791
351,8.343117978837755,8.610330581665039
352,8.028214772542318,9.532818476359049
353,8.203005048963758,7.795541604359944
354,8.20146550072564,9.892950057983398
355,8.102952639261881,8.101795673370361
356,8.194277392493355,8.126032829284668
357,8.183876779344347,8.09066104888916
358,8.022364033593071,9.100551923116049
359,8.261724842919243,10.424728075663248
360,8.376622358957926,8.623522758483887
361,8.199434174431694,7.849465370178223
362,8.16296280754937,8.609595934549967
363,8.118763870663113,8.229297161102295
364,8.27350107828776,8.83420467376709
365,8.044437726338705,8.870050748189291
366,8.086758666568333,8.697890917460123
367,8.095919450124105,9.574494997660318
368,8.067646821339926,7.374514897664388
369,8.178016874525282,8.420599301656088
370,7.994006209903294,7.661191622416179
371,8.080803871154785,7.812326431274414
372,8.251919799380833,8.269250869750977
373,8.096776008605957,7.471182505289714
374,8.033346017201742,9.508967081705729
375,7.988795439402263,6.667062679926555
376,8.17885716756185,9.09220822652181
377,8.201452414194742,10.692151387532553
378,8.164515654246012,8.073545614878336
379,8.015140745374891,8.995572725931803
380,8.25217941072252,8.745947996775309
381,8.003226863013374,8.13435443242391
382,8.086921638912624,8.149957974751791
383,8.145858075883654,9.61993678410848
384,8.046904034084744,8.861154397328695
385,8.092382007175022,9.607701937357584
386,8.126591576470268,8.445389747619629
387,8.079164822896322,8.59275229771932
388,8.079643408457438,8.59851868947347
389,7.996387640635173,9.15635903676351
390,8.202247354719374,8.223896662394205
391,8.117047044965956,7.950271924336751
392,8.037435478634304,9.426200230916342
393,8.181097507476807,7.699967702229817
394,8.159602959950766,7.608929475148519
395,8.240887959798178,7.9906005859375
396,8.103435198465982,9.697473843892416
397,8.211699220869276,8.230326175689697
398,8.119836648305258,9.20352872212728
399,8.100165314144558,10.526487191518148
400,8.284479777018229,9.15083122253418
401,8.216452333662245,8.076457341512045
402,8.194094869825575,8.038986682891846
403,8.164146688249376,7.694962660471599
404,8.153611871931288,8.42206335067749
405,8.232046710120308,7.96889082590739
406,8.035370773739285,8.096288204193115
407,8.10225052303738,9.103312174479166
408,8.257052527533638,9.265010515848795
409,8.140891498989529,7.666958491007487
410,8.190592130025228,7.64668623606364
411,8.183079772525364,7.835655530293782
412,8.0423706902398,9.379541397094727
413,8.034548017713758,9.259730339050293
414,8.004803445604113,8.796353022257486
415,8.182049857245552,9.055950005849203
416,8.059904204474556,7.468285083770752
417,8.223640865749783,8.354429403940836
418,8.181934038798014,8.588703314463297
419,8.111803743574354,9.882933616638184
420,7.95977799097697,8.715805848439535
421,8.108029100630018,8.967392603556315
422,8.145409848954943,9.583487192789713
423,8.270419703589546,8.74011198679606
424,8.131386862860786,9.119876861572266
425,8.01524872250027,8.420122464497885
426,8.040198696984184,8.736993153889975
427,7.982124275631374,8.654769897460938
428,7.990551895565456,7.70851484934489
429,8.044454839494493,9.370766957600912
430,8.006629255082872,10.198880036671957
431,8.23279783460829,8.258707841237387
432,8.098935233222115,7.244742393493652
433,8.12975221210056,7.763831456502278
434,8.057053407033285,9.818149407704672
435,8.048710293240017,7.932409127553304
436,8.141823344760471,8.776710510253906
437,7.894784980350071,8.054900328318277
438,8.24174557791816,7.459683418273926
439,8.035504711998833,8.014346440633139
440,8.11852412753635,7.7629116376241045
441,8.050158553653294,10.007375399271647
442,8.092661804623074,8.029114723205566
443,8.078516271379259,7.5450520515441895
444,8.193724791208902,8.315736452738443
445,8.130687289767796,8.51956303914388
446,7.996231608920628,7.983645757039388
447,7.896199385325114,9.112289746602377
448,8.063689178890652,7.371116320292155
449,8.01816791958279,8.572602113087973
450,8.018951416015625,8.042582511901855
451,8.148653083377415,8.374597072601318
452,8.1456282403734,7.876665274302165
453,8.068785932328966,8.016522089640299
454,8.003138860066732,8.723087787628174
455,8.038053035736084,8.633136431376139
456,8.09503279791938,8.527094205220541
457,8.159042464362251,7.3095981280008955
458,7.969431771172418,8.675727844238281
459,8.056783517201742,7.526585102081299
460,8.01314565870497,8.829216798146566
461,8.099271615346273,8.24921989440918
462,7.993716663784451,9.554028828938803
463,8.110622617933485,7.803973197937012
464,8.031212329864502,6.926609913508098
465,8.159935421413845,8.178070068359375
466,8.088373819986979,8.66750971476237
467,8.095523145463732,9.107248942057291
468,7.975707213083903,10.797906557718912
469,7.919203652275933,7.987737814585368
470,8.022604518466526,8.048498630523682
471,8.046946949428982,7.38129202524821
472,7.918471601274279,9.06313673655192
473,7.991208129458958,7.896981716156006
474,8.213638676537407,8.218827406565348
475,8.114383962419298,7.8855641682942705
476,8.086760256025526,6.940661907196045
477,8.007865746816,8.3163210550944
478,8.059815724690756,7.51394510269165
479,8.03719096713596,7.547219435373942
480,8.11171007156372,8.28800344467163
481,7.979354328579372,9.704951286315918
482,8.02096282111274,8.721194903055826
483,8.008957386016846,7.292816321055095
484,8.080340332455105,7.896881580352783
485,8.22398493025038,7.955076535542806
486,8.04562865363227,10.377074718475342
487,8.042489846547445,8.014747778574625
488,8.094546953837076,8.28025484085083
489,8.051741600036621,7.250483353932698
490,8.10051573647393,7.591304302215576
491,7.996940506829156,8.034170468648275
492,8.013464132944742,10.197014490763346
493,7.995342784457737,7.800218105316162
494,7.9815174208747015,8.212248007456461
495,8.133983347151014,10.989822387695312
496,7.9991135597229,9.94064728418986
497,8.025557623969185,9.842323939005533
498,8.095578564537895,11.91715669631958
499,8.145413557688395,8.193730354309082
500,7.95782290564643,7.692181746164958
501,7.966278553009033,7.393617630004883
502,7.997569825914171,7.42843770980835
503,8.298516379462349,7.579027016957601
504,7.918421957227919,7.754930337270101
505,8.050916194915771,8.79256788889567
506,8.169259071350098,8.361629009246826
507,7.9415176709493,7.26114543279012
508,7.955812454223633,9.212309201558432
509,8.073431120978462,10.316782315572103
510,8.015841643015543,9.353569348653158
511,8.126325183444553,9.308168093363443
512,7.996281835767958,10.199660936991373
513,7.948012881808811,8.127326011657715
514,8.004719151390923,9.22368590037028
515,7.909743891821967,7.769961039225261
516,8.034642060597738,9.819107214609781
517,8.041657394833035,8.523518562316895
518,7.978420469495985,7.918859799702962
519,8.099006917741564,7.329155445098877
520,8.16539388232761,7.829475084940593
521,8.02836349275377,8.900022029876709
522,8.072651810116238,8.206497033437094
523,7.867671065860325,8.331079641977945
524,8.051158057318794,7.102146943410237
525,8.112003379397922,7.7783098220825195
526,8.172931088341606,7.982188860575358
527,7.969932556152344,9.264049847920736
528,8.01974089940389,7.509001731872559
529,7.950846831003825,7.4540473620096845
530,8.088953071170383,9.03261105219523
531,7.942594051361084,9.448108832041422
532,7.965641922420925,8.1349196434021
533,8.014685736762154,8.765646934509277
534,8.157298882802328,8.53839667638143
535,7.936550140380859,8.37173350652059
536,8.108365217844645,7.815684636433919
537,8.058751742045084,8.700536092122396
538,8.117647859785292,8.583817481994629
539,7.976238780551487,9.46562131245931
540,7.996924188401964,11.43500566482544
541,8.0021284421285,7.494498411814372
542,8.051061100429958,10.559782981872559
543,7.973415162828234,7.94766887029012
544,8.062317053476969,9.357900937398275
545,7.968340131971571,8.536856651306152
546,7.939332220289442,8.02137549718221
547,8.14983500374688,8.962080955505371
548,8.042709085676405,9.448721567789713
549,7.886782328287761,8.251867135365805
550,8.080707603030735,9.34503428141276
551,7.9635240236918134,8.42259407043457
552,8.120021449195015,7.501936276753743
553,7.9080807367960615,7.926539580027263
554,8.035706837972006,8.773258527119955
555,7.976657602522108,8.501123110453287
556,8.101236714257134,7.852530797322591
557,7.988518661922878,7.798174222310384
558,8.178556071387398,8.907753785451254
559,8.04113139046563,8.625357468922934
560,8.038200431399876,7.575363477071126
561,7.926167329152425,8.135913530985514
562,8.028654787275526,9.752517223358154
563,8.087627516852486,7.611875693003337
564,8.086775302886963,8.571975866953531
565,8.096330377790663,8.214899063110352
566,8.115462250179714,7.877621491750081
567,7.897272057003445,8.90674082438151
568,8.057535489400228,11.079817612965902
569,7.9816586706373425,7.648706912994385
570,8.009910318586561,7.746786276499431
571,8.006463633643257,7.971277077992757
572,7.859825028313531,8.069628874460856
573,8.024054951137966,8.229777495066324
574,8.147269937727186,8.319071769714355
575,8.004753271738688,8.782946109771729
576,7.981222099728054,7.7438130378723145
577,7.971277766757542,7.843883832295735
578,7.998814635806614,7.9167046546936035
579,8.120689498053657,7.080687681833903
580,7.903452184465197,9.678921222686768
581,7.883571889665392,7.937907059987386
582,7.980268054538303,7.478081862131755
583,8.067267100016275,7.248658180236816
584,8.08351633283827,9.62961753209432
585,7.908213032616509,8.02863041559855
586,7.90214040544298,10.839647134145102
587,8.082516511281332,6.819313605626424
588,7.889224264356825,7.886856238047282
589,7.973051124148899,8.352712313334147
590,7.928091155158149,8.25577449798584
591,8.056143230862087,10.916156927744547
592,7.929201973809136,8.540456136067709
593,8.055447843339708,8.738762219746908
594,7.813562923007542,8.208335399627686
595,7.954955683814155,7.325840950012207
596,8.115337636735704,7.6817200978597
597,7.914661089579265,8.698708216349283
598,7.92636611726549,8.292799949645996
599,7.917117277781169,9.09942595163981
600,7.911238511403401,8.723992029825846
601,8.101135518815783,7.2616604169209795
602,8.02818160586887,8.43234395980835
603,7.937743504842122,8.887037595113119
604,8.251663578881157,7.3599066734313965
605,7.978769726223415,8.175343831380209
606,7.925312201182048,9.303667863210043
607,7.962442662980822,8.688102086385092
608,7.928218947516547,7.272860844930013
609,7.903524610731337,8.140494028727213
610,7.85831716325548,8.3012744585673
611,7.843701892428928,7.4735954602559405
612,7.988763491312663,8.574901580810547
613,8.019217809041342,8.033384482065836
614,7.936953120761448,7.516067028045654
615,8.080429871877035,7.558703740437825
616,7.881202962663439,8.108982563018799
617,7.8589293162028,9.26882266998291
618,8.031905227237278,8.761377970377604
619,8.002695136600071,8.73897647857666
620,7.932386822170681,7.357993443806966
621,8.038358317481148,7.878620783487956
622,8.083848105536568,7.560107231140137
623,7.909229914347331,7.8413645426432295
624,8.016662120819092,7.473681131998698
625,7.9548253483242455,9.388441721598307
626,7.91220670276218,7.109917163848877
627,8.12204843097263,7.942210992177327
628,7.9463994767930775,8.857611974080404
629,7.86517498228285,7.692347526550293
630,7.918755849202474,8.445011456807455
631,8.012005382113987,8.008736769358316
632,7.925024297502306,8.164734840393066
633,7.837468200259739,7.90712038675944
634,7.890927632649739,8.204883416493734
635,7.995346281263563,7.843187967936198
636,8.01303333706326,8.62059243520101
637,7.912367661794026,8.656931082407633
638,7.960448688930935,7.325962861378987
639,7.80507755279541,9.272844473520914
640,7.987761285569933,9.792012691497803
641,7.967446751064724,10.274011452992758
642,7.948819584316677,7.289307435353597
643,7.8749039967854815,9.007690906524658
644,7.948207484351264,8.297297954559326
645,8.087240113152397,7.552769184112549
646,7.886748578813341,7.697274525960286
647,7.976108233133952,8.034999052683512
648,8.099079820844862,8.439769744873047
649,8.05091185039944,9.072168986002604
650,7.811497529347737,8.506773471832275
651,7.797705703311497,7.138523101806641
652,7.883724477556017,7.8878200848897295
653,7.887282689412435,9.059553146362305
654,7.870165877872044,7.987466653188069
655,7.810194492340088,7.678462505340576
656,7.845368120405409,10.049873352050781
657,7.918507258097331,7.128368536631267
658,7.829155498080784,8.10296360651652
659,8.074932045406765,7.441296259562175
660,7.991860230763753,7.725799083709717
661,7.778704325358073,8.434795061747232
662,8.053878996107313,7.847148577372233
663,7.802836630079481,8.278828620910645
664,7.955191665225559,9.155259450276693
665,8.056030432383219,7.6149929364522295
666,7.956128226386176,7.241213957468669
667,7.8831102053324384,6.913090467453003
668,7.7871533499823675,7.5172600746154785
669,7.976870801713732,8.199395656585693
670,7.835563394758436,9.378703117370605
671,7.9634175300598145,7.852381706237793
672,7.904579798380534,7.282060305277507
673,7.803808053334554,8.240839640299479
674,7.931388484107123,8.566518465677897
675,7.924572732713488,8.293402036031088
676,7.907656563652886,7.599759578704834
677,7.900442759195964,7.077788670857747
678,8.011555936601427,9.053688367207846
679,7.9358199967278376,10.272433757781982
680,7.832178433736165,7.761008421579997
681,7.801511446634929,8.850895881652832
682,8.123090161217583,9.706862449645996
683,8.089741494920519,8.457963307698568
684,8.131338172488743,9.532991886138916
685,7.925990581512451,8.892421245574951
686,7.9387257893880205,8.277244885762533
687,7.80760039223565,9.057411352793375
688,7.999952263302273,8.01447836558024
689,7.869918770260281,8.843389670054117
690,7.858356581793891,8.365821679433187
691,7.792363113827175,7.250129381815593
692,7.9243250952826605,7.61936076482137
693,8.01875098546346,9.56701405843099
694,7.909184561835395,7.628339449564616
695,7.910467200809055,9.25154701868693
696,7.9186392360263405,7.116854826609294
697,7.911255518595378,6.922511339187622
698,7.975606918334961,8.709513664245605
699,7.984544277191162,9.624234835306803
700,7.925408946143256,7.89771302541097
701,7.885700066884358,8.331516106923422
702,7.897725688086616,8.286565462748209
703,7.816975169711643,8.130236625671387
704,7.967811743418376,7.589109738667806
705,7.746917724609375,7.290600617726644
706,8.039131164550781,8.109124342600504
707,7.8649886978997126,6.94742218653361
708,7.852097087436253,8.967373212178549
709,7.868430985344781,8.391209920247396
710,7.860720581478542,8.705596129099527
711,7.856409178839789,8.271228949228922
712,7.738877932230632,8.094327449798584
713,7.9327820671929254,8.159205436706543
714,7.924834463331434,7.693993091583252
715,7.938412984212239,7.8063459396362305
716,8.002158906724718,7.472428162892659
717,7.8635448349846735,8.711661338806152
718,7.96949937608507,7.647398471832275
719,7.978796746995714,8.87581984202067
720,7.84884950849745,7.991716384887695
721,7.856526533762614,8.037276109059652
722,8.05517774158054,7.998147169748942
723,7.926729149288601,8.429594039916992
724,7.875683148701985,8.388924598693848
725,7.8493374188741045,6.814465920130412
726,7.8718832863701715,8.821779568990072
727,7.926771057976617,9.235070387522379
728,7.936226261986627,8.606457869211832
729,8.000509526994493,7.175319989522298
730,7.952488899230957,7.553163369496663
731,8.012759526570639,7.865544160207112
732,7.902136537763807,9.844241937001547
733,7.962332513597277,9.728812535603842
734,7.909017668830024,8.714442094167074
735,7.91778580347697,8.096362272898356
736,7.92667023340861,8.202578067779541
737,7.884685357411702,7.174069086710612
738,7.744895988040501,8.268194834391275
739,7.916018697950575,8.202590942382812
740,7.876254028744167,8.533255577087402
741,7.768613868289524,9.022259394327799
742,7.933935801188151,9.478602568308512
743,7.94321870803833,7.756608327229817
744,7.85200473997328,6.947721242904663
745,7.903332127465142,8.923535664876303
746,8.02941248151991,8.677743911743164
747,7.9094767570495605,7.315709908803304
748,7.901459746890598,8.094088872273764
749,7.962912347581652,7.02502965927124
750,7.94086668226454,7.267255942026774
751,7.820913844638401,7.551326751708984
752,7.899355411529541,8.04085079828898
753,7.774622917175293,7.723752657572429
754,7.8865939776102705,8.125855127970377
755,7.979209952884251,7.775203704833984
756,7.715752654605442,8.002861499786377
757,7.8200075891282825,7.886720021565755
758,8.050702306959364,8.081886768341064
759,7.789617644415961,8.05186414718628
760,7.8247043291727705,7.562644322713216
761,7.826869593726264,7.636957009633382
762,7.947428014543322,6.999269247055054
763,7.94305584165785,6.9164806207021075
764,7.829591857062446,7.314742883046468
765,7.76476075914171,7.200850009918213
766,7.956957181294759,9.381915728251139
767,7.9304501215616865,8.905171235402426
768,7.85510778427124,6.6632552941640215
769,7.817685657077366,7.388595422108968
770,7.879622565375434,7.548290570576985
771,7.906850708855523,8.253821214040121
772,7.945855034722222,8.025308926900228
773,7.899628374311659,8.007720470428467
774,7.914783689710829,8.325818061828613
775,7.886998759375678,7.759062767028809
776,7.877955595652263,9.281110127766928
777,7.95422707663642,9.088165601094564
778,7.929438802931044,8.981192111968994
779,7.999590820736355,7.834453741709392
780,7.800704108344184,7.501508712768555
781,7.954634613460964,9.11597490310669
782,7.878218332926433,7.836339632670085
783,7.778868039449056,7.094093640645345
784,7.920533074273004,8.153972625732422
785,7.782387521531847,8.758406003316244
786,7.873048093583849,8.247718811035156
787,7.952399359809028,10.048818747202555
788,7.750312540266249,7.714305559794108
789,7.84734402762519,7.768456935882568
790,7.814018779330784,7.950354894002278
791,7.7814962069193525,10.78292973836263
792,7.896133793724908,8.661623160044352
793,7.928760263654921,8.132031917572021
794,7.994557698567708,7.960793336232503
795,7.811743683285183,8.142484505971273
796,7.821571509043376,8.030651728312174
797,7.849120352003309,9.616071701049805
798,8.020348125033909,9.855528354644775
799,7.905316405826145,8.749615033467611
800,7.871170096927219,7.835847695668538
801,7.829355875651042,7.171312967936198
802,7.79545095231798,8.469522476196289
803,7.703504509396023,7.753312428792317
804,7.7960028648376465,7.883647441864014
805,7.89318651623196,7.8585076332092285
806,7.748157342274983,8.89452330271403
807,7.896455234951443,8.224512418111166
808,7.960665755801731,9.409741401672363
809,7.875304963853624,7.974701563517253
810,7.693652735816108,8.473307609558105
811,7.9647716416252985,9.302505175272623
812,7.732148382398817,8.497636795043945
813,7.9114185439215765,6.655754009882609
814,7.8208769692315,7.799877484639485
815,7.766064908769396,8.158933798472086
816,7.816937181684706,8.779724915822348
817,7.958122783237034,7.795611222585042
818,7.933511786990696,8.97176726659139
819,7.9406364228990345,7.122183322906494
820,7.862815221150716,9.205394426981607
821,7.796628528171116,8.729345798492432
822,7.806512832641602,8.390224615732828
823,7.8525387446085615,8.424263954162598
824,7.843953980339898,7.557605107625325
825,7.914257579379612,8.90478261311849
826,7.840482023027208,8.346723079681396
827,7.811304993099636,9.880706469217936
828,7.756625175476074,8.660045464833578
829,7.8946577707926435,10.473656813303629
830,7.875802887810601,7.562053203582764
831,7.801812330881755,9.188698132832846
832,7.785131454467773,7.665304819742839
833,7.702099217308892,8.516693751017252
834,7.751882447136773,9.426546732584635
835,7.9017792807685,8.058922608693441
836,7.7917812665303545,8.250402768452963
837,7.814454449547662,9.882888158162435
838,7.769065962897407,8.19493834177653
839,7.757729848225911,8.787713368733725
840,7.756619294484456,9.09312359491984
841,7.889785713619656,7.608498414357503
842,7.7579366895887585,7.541431744893392
843,7.81932889090644,8.425307591756185
844,7.871591038174099,10.01532777150472
845,7.849332332611084,8.805611610412598
846,7.927260133955214,8.15561850865682
847,7.805537806616889,8.347508112589518
848,7.81114927927653,9.738890647888184
849,7.986008008321126,9.250349839528402
850,7.841526826222737,7.885779062906901
851,7.995826986100939,8.465214729309082
852,7.81674321492513,8.954811096191406
853,7.930584695604113,8.668283462524414
854,7.8182585504319935,8.18609650929769
855,7.94789367251926,7.399484634399414
856,7.7047462993197975,9.098439534505209
857,7.641422112782796,9.445736090342203
858,7.862737284766303,8.035232067108154
859,7.902310265435113,7.771048227945964
860,7.747695604960124,7.233976523081462
861,7.762718200683594,8.600079854329428
862,7.7540914747450085,8.952759265899658
863,7.956959088643392,8.348907629648844
864,7.787337091233995,8.572442372639975
865,7.763413800133599,9.103034496307373
866,7.788784080081516,7.832962512969971
867,7.830160352918837,8.609157880147299
868,7.845868640475803,7.913691361745198
869,7.712614059448242,8.585176467895508
870,7.872788800133599,8.271885871887207
871,7.773802280426025,6.710412343343099
872,8.013824727800158,7.085498650868733
873,7.722129503885905,8.827145258585611
874,7.744546201494005,8.02918783823649
875,7.800154527028401,8.628779888153076
876,7.8547533882988825,9.296624183654785
877,7.833728896247016,8.60092830657959
878,7.7527181837293835,7.091832637786865
879,7.760491953955756,8.449178695678711
880,7.7937744988335504,8.765336513519287
881,7.9083488252427845,8.461777051289877
882,7.701483779483372,8.649465084075928
883,7.731458240085178,6.749146620432536
884,7.714583290947808,8.378944714864096
885,7.944408310784234,7.9020717938741045
886,7.829436779022217,8.810205936431885
887,7.862002372741699,8.496039867401123
888,7.7384270032246905,8.493285179138184
889,7.628061665429009,8.015896479288736
890,7.775330172644721,9.343111356099447
891,7.818369282616509,7.784300168355306
892,7.6805943383110895,8.354819297790527
893,7.7634352048238116,8.089584986368815
894,7.722478336758083,8.68374220530192
895,7.766746203104655,8.662635644276937
896,7.790115621354845,8.775940895080566
897,7.836742719014485,8.790800253550211
898,7.888714260525173,7.5585042635599775
899,7.714169184366862,9.278894583384195
900,7.885653760698107,7.697226047515869
901,7.844981935289171,7.8303961753845215
902,7.712878121270074,7.782259305318196
903,7.865466382768419,7.708692232767741
904,7.846828460693359,7.062717278798421
905,7.820003615485297,7.70249621073405
906,7.909024821387397,6.70799994468689
907,7.929039107428657,7.995266437530518
908,7.7296498616536455,9.539095242818197
909,7.681395053863525,8.796990394592285
910,7.789118395911323,8.71571652094523
911,7.845101091596815,7.404534816741943
912,7.897032313876682,7.614963213602702
913,7.817492326100667,9.409877936045328
914,7.710473537445068,7.63881778717041
915,7.842894713083903,7.701306343078613
916,7.775360160403782,7.473445415496826
917,7.7957084973653155,7.9874701499938965
918,7.774240917629665,10.452727635701498
919,7.798400031195746,8.386534372965494
920,7.74897559483846,8.82311725616455
921,7.800469345516628,9.088474909464518
922,7.881974326239692,8.199747244517008
923,7.882169034745958,7.874035358428955
924,7.733919779459636,9.178767999013266
925,7.8015989727444115,7.502117951711019
926,7.804837544759114,7.715097427368164
927,7.898991849687365,7.732226848602295
928,7.729386965433757,8.743380864461264
929,7.872222052680121,8.350507100423178
930,7.715662903255886,8.601983706156412
931,7.731125089857313,7.238726456960042
932,7.777406798468696,8.216386159261068
933,8.050548765394423,7.356805642445882
934,7.7324808438618975,7.209420522054036
935,7.871975315941705,8.30351702372233
936,7.753767331441243,7.077608585357666
937,7.783995469411214,8.833467483520508
938,7.8394293785095215,8.100968837738037
939,7.786504533555773,8.516890207926432
940,7.743380175696479,8.776719888051352
941,7.674270523919,7.641822973887126
942,7.803230444590251,8.6469513575236
943,7.756598578559028,7.579249858856201
944,7.778368526034885,8.210335731506348
945,7.809621440039741,9.411886215209961
946,7.8045327928331165,8.120962619781494
947,7.661593490176731,7.977830568949382
948,7.698590278625488,7.564091523488362
949,7.938452084859212,7.539107163747151
950,7.731407271491157,8.626297314961752
951,7.788300726148817,8.789117336273193
952,7.892190933227539,7.863797664642334
953,7.7954966227213545,7.080474217732747
954,7.7433360947502985,6.716511329015096
955,7.823044935862224,7.224672635396321
956,7.669621520572239,8.341316223144531
957,7.726264900631374,8.045294125874838
958,7.766446961296929,8.46125602722168
959,7.755941920810276,8.005373001098633
960,7.850537035200331,8.883269627888998
961,7.899071640438503,8.271231651306152
962,7.738434314727783,7.703723430633545
963,7.710999170939128,7.839709599812825
964,7.904062271118164,8.731928507486979
965,7.874130566914876,7.04488468170166
966,7.6614981227450905,8.680933952331543
967,7.738539960649279,7.952261130015056
968,7.747739156087239,10.883329550425211
969,7.721916410658094,8.249509493509928
970,7.733345932430691,7.385105133056641
971,7.703077740139431,8.549821535746256
972,7.75542852613661,6.724334716796875
973,7.66857205496894,7.075122197469075
974,7.78556293911404,8.569081624348959
975,7.832035806443956,8.890632629394531
976,7.723733690049913,9.447052319844564
977,7.730491320292155,9.53868023554484
978,7.816350989871555,7.708263238271077
979,7.759459230634901,7.597084840138753
980,7.799329916636149,8.934423446655273
981,7.628912819756402,7.867303371429443
982,7.737846480475532,6.832305510838826
983,7.737538602617052,8.481692949930826
984,7.70137972301907,7.7582926750183105
985,7.61398712793986,7.493107318878174
986,7.70060035917494,7.966458161671956
987,7.706306563483344,7.995144049326579
988,7.821352958679199,7.72581148147583
989,7.790426572163899,7.191864649454753
990,7.690513716803657,7.3423722585042315
991,7.749526023864746,7.020827293395996
992,7.75595129860772,7.682823657989502
993,7.929657194349501,7.389090379079183
994,7.676045152876112,8.569104353586832
995,7.726681285434299,7.916530768076579
996,7.811278343200684,7.701516946156819
997,7.912998782263862,7.6576463381449384
998,7.903502040439182,7.479772090911865
999,7.9229936599731445,7.223602771759033
1000,7.841092692481147,8.19449265797933
1001,7.737924257914226,8.281891504923502
1002,7.886467880672878,7.439635753631592
1003,7.6609692043728295,8.929142475128174
1004,7.737074057261149,7.8085958162943525
1005,7.613301912943522,7.506707509358724
1006,7.857173760732015,7.730669021606445
1007,7.812595314449734,8.851268768310547
1008,7.74672089682685,7.75903860727946
1009,7.858175595601399,8.267845948537191
1010,7.753536913130018,7.371855894724528
1011,7.6705624792310925,6.99488894144694
1012,7.838194635179308,8.637602170308432
1013,7.688388718499078,10.546362241109213
1014,7.8768750296698675,8.416553815205893
1015,7.756370226542155,7.605810006459554
1016,7.7259494463602705,6.732126553853353
1017,7.773464255862766,7.196299870808919
1018,7.680466334025065,8.062036037445068
1019,7.777323934766981,8.63404401143392
1020,7.797988414764404,9.623204390207926
1021,7.743232674068874,7.792087872823079
1022,7.753079467349583,8.69075091679891
1023,7.563892364501953,8.658990859985352
1024,7.766156037648519,8.91114060084025
1025,7.792752265930176,9.086530049641928
1026,7.787181748284234,7.3665391604105634
1027,7.961559454600017,7.4095222155253095
1028,7.8461265034145775,7.956139087677002
1029,7.804886817932129,9.280108133951822
1030,7.678320089975993,7.06794532140096
1031,7.734143257141113,7.916710535685222
1032,7.813842190636529,9.560791174570719
1033,7.722054852379693,7.502054691314697
1034,7.881753391689724,9.198486487070719
1035,7.73788923687405,7.442485650380452
1036,7.6491092046101885,7.527067502339681
1037,7.736763583289252,7.111371835072835
1038,7.721386273701985,8.263984044392904
1039,7.717177126142714,8.27704668045044
1040,7.8979202376471624,7.561806360880534
1041,7.635382705264622,7.838046391805013
1042,7.881399737464057,6.787270625432332
1043,7.654774030049642,7.221504847208659
1044,7.840941323174371,10.4254043896993
1045,7.735032399495442,7.057514349619548
1046,7.679350958930121,8.424023469289144
1047,7.858144760131836,8.618351777394613
1048,7.720808982849121,8.715272744496664
1049,7.768148846096462,7.022450764973958
1050,7.631631109449598,8.223193963368734
1051,7.814173221588135,8.813730239868164
1052,7.692554050021702,8.583750247955322
1053,7.818355984157986,8.777703126271566
1054,7.698442724015978,7.576346079508464
1055,7.751429928673638,9.501724243164062
1056,7.618854840596517,8.488690535227457
1057,7.876629935370551,6.82315198580424
1058,7.758499993218316,7.657788435618083
1059,7.811213546329075,8.629207134246826
1060,7.711943573421902,7.649508476257324
1061,7.809910244411892,7.844476858774821
1062,7.824660936991374,7.942339897155762
1063,7.5931076473659935,6.801405906677246
1064,7.815305709838867,7.913479646046956
1065,7.671488814883762,7.698804537455241
1066,7.710372712877062,7.316500027974446
1067,7.738451321919759,7.344404061635335
1068,7.6213770972357855,7.911051909128825
1069,7.624476803673638,9.209317207336426
1070,7.681213855743408,8.513300895690918
1071,7.60668404897054,10.042656739552816
1072,7.8288858731587725,9.02487309773763
1073,7.832100179460314,8.121887683868408
1074,7.78152068456014,7.60472313563029
1075,7.640341493818495,8.309377988179525
1076,7.709801144070095,8.210347016652426
1077,7.763082716200087,9.184866269429525
1078,7.8212163713243275,7.729769388834636
1079,7.747079690297444,7.416611194610596
1080,7.726376904381646,7.313515504201253
1081,7.738280508253309,9.398856480916342
1082,7.799174626668294,7.882534186045329
1083,7.670413864983453,9.828153292338053
1084,7.815835634867351,9.195132573445639
1085,7.695712619357639,7.392558415730794
1086,7.7366425726148815,8.464897791544596
1087,7.731193913353814,8.766997814178467
1088,7.765256404876709,7.459952354431152
1089,7.808465904659695,8.013966083526611
1090,7.687652587890625,8.082056999206543
1091,7.676540056864421,9.250784238179525
1092,7.675426959991455,9.316193262736002
1093,7.882150438096788,7.761023839314778
1094,7.750547462039524,7.213363170623779
1095,7.682447698381212,8.930363337198893
1096,7.827709992726644,7.063597679138184
1097,7.836952262454563,9.169216950734457
1098,7.715802934434679,7.5724639892578125
1099,7.788823021782769,7.563536643981934
1100,7.8625251981947155,10.14586321512858
1101,7.853520552317302,7.506477355957031
1102,7.806338840060764,7.515158176422119
1103,7.751240624321832,7.425438245137532
1104,7.607405927446154,8.27885643641154
1105,7.636383692423503,8.561899185180664
1106,7.661820782555474,8.445680618286133
1107,7.7393322520785865,7.814253012339274
1108,7.825528568691677,8.277264277140299
1109,7.6752023167080345,9.162635803222656
1110,7.71636978785197,8.78342310587565
1111,7.657209237416585,9.305198669433594
1112,7.791550106472439,8.09332529703776
1113,7.6652781168619795,8.893047332763672
1114,7.6580807897779675,6.796870311101277
1115,7.773434321085612,7.259816646575928
1116,7.792374769846599,7.229922453562419
1117,7.801173369089763,7.634121735890706
1118,7.667020479838054,7.717013676961263
1119,7.6809013154771595,7.780443509419759
1120,7.728944725460476,7.124925295511882
1121,7.788154708014594,7.444433689117432
1122,7.657351864708795,7.765578746795654
1123,7.699315230051677,8.57086706161499
1124,7.882579803466797,7.3120012283325195
1125,7.521363576253255,7.538519064585368
1126,7.801100095113118,7.773200035095215
1127,7.777565320332845,10.990567684173584
1128,7.642097738054064,7.62554947535197
1129,7.635892232259114,9.696321169535318
1130,7.626180542839898,7.9015200932820635
1131,7.719612121582031,7.79004430770874
1132,7.8784027099609375,7.6815559069315595
1133,7.720434029897054,8.625787417093912
1134,7.8238959312438965,7.414925257364909
1135,7.686074680752224,9.152008692423502
1136,7.73462094200982,8.907135804494223
1137,7.713303724924724,9.170085589090982
1138,7.7344650692409935,8.69038756688436
1139,7.826736238267687,7.654355525970459
1140,7.610470506880018,7.469034512837728
1141,7.5810783174302845,7.365643819173177
1142,7.745555400848389,7.7360256512959795
1143,7.851741631825765,7.412378470102946
1144,7.70856777826945,8.583513895670572
1145,7.603037516276042,8.735145568847656
1146,7.934163040584988,7.673468907674153
1147,7.764559321933323,7.73319943745931
1148,7.588358402252197,7.641611258188884
1149,7.754427856869167,8.939364751180014
1150,7.5497355461120605,8.674858093261719
1151,7.593386226230198,7.996527512868245
1152,7.71169900894165,8.595535278320312
1153,7.7748889393276635,8.370277404785156
1154,7.770817915598552,7.993324597676595
1155,7.856289704640706,8.537300109863281
1156,7.745596090952556,6.8288077513376875
1157,7.799460040198432,6.90703010559082
1158,7.87753258811103,7.884431521097819
1159,7.8452648586697045,9.152629216512045
1160,7.738881693945991,7.274831930796306
1161,7.823551072014703,9.852842330932617
1162,7.693183422088623,7.385210355122884
1163,7.656555069817437,8.76344633102417
1164,7.575943205091688,9.040568669637045
1165,7.698428206973606,7.453135808308919
1166,7.801885604858398,7.213664531707764
1167,7.634409692552355,8.74787425994873
1168,7.690705988142225,9.729836304982504
1169,7.857050736745198,7.0542144775390625
1170,7.687209182315403,7.086456775665283
1171,7.767037285698785,9.431978543599447
1172,7.6004270447625055,7.54315169652303
1173,7.689742035335964,7.297138849894206
1174,7.832699404822455,7.310928026835124
1175,7.921186076270209,7.851708094278972
1176,7.705959055158827,9.364089965820312
1177,7.675497161017524,7.65112829208374
1178,7.667811340755886,7.664047082265218
1179,7.699376318189833,8.560540835062662
1180,7.891274876064724,8.282984097798666
1181,7.818598694271511,6.974974314371745
1182,7.63543521033393,7.481146494547526
1183,7.717026657528347,7.631596406300862
1184,7.852347426944309,6.6563134988149
1185,7.718374888102214,8.748850345611572
1186,7.588637193044026,7.720541159311931
1187,7.605668332841661,8.60847028096517
1188,7.749677817026774,7.169877529144287
1189,7.690286954243978,7.60083802541097
1190,7.803223715888129,8.494311491648356
1191,7.707410123613146,8.812853813171387
1192,7.653037707010905,7.412876447041829
1193,7.776715066697863,7.38361120223999
1194,7.646818425920275,7.188702742258708
1195,7.686105993058947,8.95213254292806
1196,7.808772828843859,7.751288096110026
1197,7.675906552208795,8.237484296162924
1198,7.721756776173909,7.519892692565918
1199,7.71436956193712,8.597752412160238
1200,7.752920574612087,7.406051476796468
1201,7.6852109167310925,7.734656651814778
1202,7.577627287970649,10.884219964345297
1203,7.846363650427924,7.525788307189941
1204,7.656412442525228,7.840184688568115
1205,7.742528385586208,9.098511377970377
1206,7.595695760515001,8.214579582214355
1207,7.732576423221165,8.705198446909586
1208,7.879932403564453,6.730309963226318
1209,7.71603176328871,8.476329644521078
1210,7.702167722913954,7.461366335550944
1211,7.722316212124294,8.937683741251627
1212,7.6113171047634545,7.394777774810791
1213,7.66091595755683,8.799150466918945
