Epoch,Train_Loss,Valid_loss
1,134.2441635,107.2154643
2,69.89284897,50.81816228
3,48.52988137,39.11615753
4,39.26904339,39.97580973
5,34.36799494,34.5855147
6,32.70194181,34.48962212
7,31.65568055,32.78226471
8,31.01516702,28.5506649
9,30.08281114,29.04649607
10,29.14854346,29.96828016
11,27.2043652,34.42397563
12,30.45873091,30.54488945
13,28.85011482,38.81585821
14,30.49442567,23.63675435
15,22.0875863,21.66337268
16,21.9709195,21.41965675
17,18.88190089,17.4512682
18,19.4507086,16.2923549
19,17.11573696,12.42079512
20,14.42977344,12.41500409
21,12.43203502,10.20743338
22,9.881784545,8.9814442
23,9.420096662,8.194259485
24,9.978582488,11.82471116
25,13.35062377,19.00079536
26,32.19673008,16.04829884
27,22.05673769,33.86096319
28,24.02362018,16.72999732
29,16.1778858,16.05024433
30,13.37304444,12.4236695
31,10.59200573,8.43792963
32,8.708279186,7.70078516
33,7.56797923,9.842721939
34,6.575240877,6.425433477
35,6.459141572,7.366065025
36,8.91261869,5.437812169
37,11.46719366,11.29736805
38,10.14832454,10.1129055
39,7.975100676,5.383468151
40,5.976536963,7.299174945
41,9.587505076,5.585540136
42,6.11812777,5.610444943
43,6.50355604,5.438248952
44,8.779950725,6.1454223
45,5.764032311,5.812331041
46,6.498108917,5.787579377
47,7.870616171,10.59770155
48,6.863154782,5.680972576
49,5.723069615,5.033425172
50,5.277370612,5.393526316
51,7.19016997,5.625199
52,6.342451943,5.306975683
53,5.726367156,5.520253976
54,6.10802963,6.754105568
55,6.32358408,5.419921716
56,6.325568676,8.166534901
57,8.226965374,11.27247842
58,7.179526435,5.135135015
59,5.282557011,4.662838936
60,5.003920343,5.198409081
61,4.969328562,4.486593723
62,5.536900202,7.475502491
63,7.760249615,5.994953314
64,6.103047742,5.73510313
65,6.370131652,4.472854217
66,8.295009454,8.183136463
67,6.750830332,8.688245138
68,6.000787152,10.50691096
69,6.554059294,5.128362974
70,5.601132817,4.22384874
71,5.122657352,4.69518582
72,4.883042388,5.198345502
73,5.054445055,5.556206385
74,4.996065193,4.83419768
75,4.908450974,5.132839441
76,5.017636564,5.345726967
77,6.875046147,6.767800331
78,5.903891775,5.962838968
79,5.157948759,5.418053309
80,5.293333001,4.966776848
81,5.28442404,6.116727511
82,5.476989799,6.831333478
83,5.193512493,5.949165344
84,5.160345766,5.240840912
85,5.099412547,4.99332579
86,4.830551942,5.080784957
87,4.972785738,4.312929312
88,4.769210524,6.108580748
89,5.050960488,5.671483517
90,5.164825651,5.214042187
91,5.270968013,4.616567135
92,5.219178147,4.982976913
93,6.073661168,5.799412727
94,5.140159554,5.276831945
95,4.657177978,6.83161513
96,5.671016958,6.055167357
97,4.793550915,7.216806889
98,5.755108595,7.219587644
99,6.482148886,5.801240921
100,5.543148571,8.520829201
101,6.236351755,6.078161399
102,4.861531417,5.334421794
103,4.698138502,4.510112524
104,5.383312543,6.754723708
105,6.1941949,7.657326698
106,7.0336913,5.351865609
107,5.958748394,9.413526853
108,6.373813391,6.882301013
109,4.959652132,4.949968974
110,4.944163852,10.69898129
111,8.34745619,7.331455231
112,5.800176938,14.91681194
113,7.13826349,6.400865237
114,7.226013078,10.29295254
115,6.733834638,5.340354919
116,5.608766132,6.012498379
117,4.560953352,4.818250497
118,4.795939922,5.61992979
119,4.828901556,5.035487811
120,4.897898065,4.586268107
121,4.641309049,4.248421748
122,4.612125741,6.623586496
123,7.720440918,8.319436073
124,5.728199111,4.256043275
125,4.302459425,4.379534403
126,4.451259401,3.777861357
127,4.260554685,3.890981038
128,4.319772429,5.630014896
129,6.052791119,4.20575126
130,5.30852339,6.30292511
131,6.650125821,4.512583415
132,4.851161957,4.222450415
133,4.809270726,4.145897945
134,4.555985848,4.512828191
135,4.781312995,4.623548428
136,4.140660101,6.00136137
137,4.315905015,4.445056438
138,4.559862879,4.076250553
139,4.380434169,4.928373178
140,5.118656741,4.501600424
141,4.287819068,3.772071759
142,4.221646706,4.062629859
143,4.223339505,5.591621558
144,4.319483519,6.331994057
145,4.968044466,4.510883967
146,6.061289416,9.10892264
147,6.511956321,5.502308051
148,6.147878408,5.16347599
149,6.773251534,4.975223939
150,4.919868257,5.104892572
151,4.439485206,5.023937225
152,5.170755015,5.825952371
153,5.216962602,5.122086207
154,5.242951367,5.060397784
155,4.583196587,4.521360079
156,4.252611028,3.511598825
157,4.535389847,4.487746239
158,4.250219266,3.58310461
159,3.887818681,3.948783557
160,4.453577254,5.27321132
161,4.089469777,5.586933613
162,4.410198609,3.497546037
163,4.431473838,4.117824475
164,3.899098635,4.083545287
165,5.611106157,6.923222224
166,4.827545166,5.50920105
167,6.705931664,9.302417755
168,5.143595007,6.386843999
169,4.185118967,3.485453288
170,4.359641022,4.891497533
171,4.443694433,5.498217344
172,4.506886588,4.687318484
173,3.93058761,3.973378102
174,4.343264898,4.314315955
175,3.993950023,3.474909385
176,3.778757837,3.720489899
177,3.968356477,3.9824512
178,3.691310114,3.94339935
179,4.225566149,4.008489847
180,3.917868455,5.448347092
181,5.08902918,4.162050247
182,5.48473631,5.635477702
183,5.286171463,4.583291133
184,4.339163621,5.641366164
185,4.607096725,4.114919662
186,3.703060203,3.730882486
187,3.622683419,3.674919128
188,3.626290798,3.956432978
189,3.911333084,3.438563824
190,3.611859719,4.095404148
191,3.793434329,3.366066376
192,4.213616239,5.107122103
193,4.112662766,5.538417657
194,4.2489517,4.261172136
195,4.004186418,3.345078627
196,3.917445766,4.231458664
197,4.005196042,4.055810531
198,3.941869285,4.495387634
199,3.651720126,3.3564984
200,3.918543948,3.106545925
201,3.766754283,4.116483688
202,4.436480655,3.8175687
203,4.420147048,10.5945708
204,9.123438358,6.255300522
205,5.441188362,6.397046725
206,5.626874394,9.879377683
207,8.409924507,4.615669092
208,5.486329953,5.085290591
209,4.450986438,3.529372215
210,3.65425735,3.176533063
211,3.741521623,3.305016279
212,3.52545121,4.076610247
213,3.484760735,3.666567723
214,3.340735224,4.184464137
215,3.664328787,4.774416447
216,3.645188411,4.50917387
217,3.781844483,3.818342368
218,4.176467604,4.081355969
219,4.467448049,3.637110472
220,4.036442492,6.394427299
221,4.074027141,3.978321791
222,4.057829592,3.150386572
223,4.065457238,3.967084328
224,4.302389065,3.719856739
225,3.517844942,3.194674889
226,3.834641774,3.707369248
227,3.890815232,2.757397175
228,3.676129712,3.518999259
229,3.685558558,4.288954894
230,3.704296059,4.430247307
231,3.888264868,3.457675457
232,4.284151872,3.751772722
233,3.516762336,3.936417182
234,3.957850774,3.637343645
235,4.649708854,7.578234514
236,4.106500175,3.410070578
237,3.363683542,2.808437864
238,3.735757563,3.600695848
239,3.769444678,4.342000723
240,4.505721463,6.494021416
241,4.173226065,2.858928283
242,3.414824194,3.288009485
243,3.148109145,3.289568186
244,3.15450671,3.000245651
245,3.181584358,3.752719879
246,3.271672169,4.078699112
247,3.909588708,4.025258621
248,4.065898445,3.272283475
249,3.803196669,4.037644704
250,3.151466025,4.135077
251,3.386123949,2.806261937
252,3.049544308,3.435518185
253,3.313214196,4.384872595
254,3.616319524,3.153964678
255,3.160129282,3.78984197
256,3.43993073,2.676554561
257,3.192580038,3.471280734
258,3.291579723,2.690671603
259,4.291367849,3.630262454
260,3.950616704,6.283740044
261,4.81435532,3.881898006
262,3.956218455,6.703080495
263,4.707083146,3.415457805
264,4.594630321,5.325023174
265,4.622970687,3.979290167
266,4.246947447,5.089805762
267,3.859273169,4.233956416
268,3.382411189,4.96489795
269,3.277530617,3.036499023
270,4.01446663,2.626517614
271,3.862854772,5.137408098
272,4.513107777,2.934161107
273,3.603865968,2.857226253
274,4.096220202,4.182917356
275,3.067167494,3.242646774
276,3.336409118,3.534653266
277,2.976027462,2.970846494
278,2.873592827,2.539808154
279,2.954946809,3.184861422
280,3.608022769,5.769109249
281,4.153124597,3.359019995
282,4.620403661,5.915350596
283,3.761773374,2.991124153
284,3.880196704,3.055910905
285,4.332211388,3.918746392
286,3.561846945,4.635677735
287,3.298621469,2.872582118
288,2.891902208,2.920904716
289,3.099543942,4.522547245
290,3.736400737,6.886856874
291,4.384650893,4.873074214
292,5.48591272,4.973389467
293,5.077092806,3.047270457
294,3.918204996,4.713766416
295,5.235832347,2.745751063
296,4.219951974,2.545412699
297,3.282162004,2.579821746
298,3.049763203,2.942762772
299,2.979463604,3.688696543
300,3.414779133,2.512125452
301,3.043025891,2.791352749
302,2.972058005,3.774718126
303,3.006528272,2.940170129
304,2.838929839,2.985264063
305,3.028209474,4.262243986
306,4.163125674,5.513955434
307,3.248141633,3.055612087
308,2.991837449,3.462431272
309,3.5285684,2.671873808
310,3.562480688,7.055961927
311,4.443289042,3.478721698
312,3.466851552,4.459348043
313,3.651516861,2.88357083
314,3.488979949,2.602552096
315,3.882818328,5.219015439
316,4.16963217,8.200023651
317,5.699047512,3.387196859
318,4.381572591,3.643845081
319,3.047795773,3.544212977
320,3.613581657,2.903597434
321,3.963118686,3.898007552
322,3.253674984,2.568200747
323,2.744568242,2.693402449
324,2.938210699,3.059085528
325,3.936664873,9.589968681
326,6.607897653,4.053871552
327,8.062380632,4.93465217
328,5.233480348,3.168067137
329,3.500839843,3.696500222
330,3.140754541,3.119231304
331,3.661663718,2.958581607
332,3.517447816,3.435605526
333,3.313149002,5.823019505
334,4.095547809,3.485995531
335,3.463491837,2.813390652
336,2.879895634,2.864135345
337,2.751956913,3.451570988
338,3.221760405,3.238001506
339,2.816221078,3.015026013
340,2.776048687,3.696026405
341,3.093716118,2.79290549
342,2.811294741,7.026807467
343,3.429980781,3.089511792
344,2.802866406,2.736837228
345,2.768446975,3.267006954
346,2.776065614,2.709995389
347,3.001636399,3.109682163
348,2.963865121,5.05062294
349,3.84542844,3.475660404
350,3.146472745,2.780140003
351,3.066156679,4.766725779
352,5.017023219,5.518619537
353,5.932761272,4.29820768
354,3.794668701,2.919257323
355,2.830933571,2.9538095
356,3.146343523,3.405888637
357,3.201402744,2.499033133
358,2.713521587,3.508105199
359,2.90574601,2.860707839
360,2.690991746,2.720529238
361,2.690829648,3.457092683
362,2.636527644,2.942312638
363,3.098719703,3.130220413
364,3.000295957,3.520852486
365,3.882820739,4.336965561
366,3.550813754,4.463533719
367,3.072122653,2.418448091
368,3.066727665,3.234787226
369,2.975909922,3.734964689
370,3.118505266,3.272349755
371,2.610408942,2.88744998
372,2.543143829,2.86185352
373,2.894224776,2.315196594
374,2.629989306,2.683181842
375,2.573164357,2.565697749
376,2.689868742,3.393190543
377,2.623814265,2.933873018
378,2.818619914,2.742915074
379,2.627588246,2.508487066
380,3.469839732,3.110055129
381,2.676644961,2.633580685
382,2.885998382,4.631279627
383,3.168238216,3.129815817
384,2.861586756,2.816089551
385,2.657457113,2.683974981
386,2.751826313,3.20485576
387,3.082933479,2.930868546
388,3.78953245,5.267591317
389,4.993003077,4.061470588
390,3.584640662,2.919399818
391,2.486879667,3.303787629
392,3.130654918,3.889624198
393,4.00612398,3.695005258
394,2.83771997,2.810447454
395,2.800642464,2.361765981
396,2.834132512,2.861858765
397,2.603664981,3.420716365
398,2.61424311,4.494588137
399,3.07593192,2.99491485
400,2.606138786,4.643785238
401,5.295456383,8.537361622
402,4.838596318,3.420371294
403,3.424787283,3.487502893
404,3.352614853,2.919795911
405,2.614092615,2.370288094
406,2.976748149,4.519263585
407,3.643152025,4.599491278
408,3.382729954,2.673054139
409,2.940423409,3.47480758
410,2.977726751,3.078450998
411,3.017212682,5.306515853
412,3.211736467,2.831593831
413,2.79838411,2.982094288
414,2.621903684,2.403123975
415,2.736004379,3.876891534
416,4.105082326,5.518520832
417,6.358508163,15.4805673
418,7.872089121,10.21604856
419,5.797538439,3.546762705
420,4.079487085,2.525780002
421,3.693618536,5.126845678
422,3.058339039,2.754017353
423,2.550454193,2.476648331
424,2.516046683,2.653019667
425,2.987198989,5.180472374
426,3.846815877,2.554142634
427,3.52306856,3.477605104
428,3.136053721,5.099220594
429,4.807590087,5.440739473
430,5.04617548,3.214303056
431,5.470451249,4.779135068
432,4.455304649,7.359212716
433,3.854378356,6.808749517
434,3.302138699,3.403409004
435,2.714569807,3.433449427
436,2.76858139,5.747724374
437,4.684078296,3.996301015
438,3.514065584,3.913121939
439,3.377392239,3.882802248
440,2.887470378,2.64454941
441,2.947730462,2.623716275
442,2.510937664,2.514490604
443,2.517282857,2.975706577
444,2.782444557,3.720081568
445,3.262836933,2.765742143
446,2.514375475,2.599124511
447,2.50353943,2.613830407
448,2.494426489,2.836488326
449,2.762819555,2.638746262
450,2.626903481,3.473593235
451,3.042730888,2.494063179
452,2.495801051,2.268513163
453,2.59835728,4.229097684
454,3.041819546,3.070897579
455,3.126997285,3.102304459
456,2.859975497,3.001814127
457,2.603728241,3.008078734
458,2.719517575,3.13157773
459,2.739248249,2.620358547
460,2.424195608,2.750736396
461,2.513447377,2.932577689
462,2.558240546,2.341113806
463,2.41420877,2.480175416
464,2.630187048,4.999746005
465,4.014247497,2.845682065
466,2.931117508,2.540880442
467,2.84642797,4.01739645
468,3.111876726,3.570871592
469,2.812288205,2.410347501
470,2.497672558,4.19252189
471,3.248692989,2.35871017
472,3.005517642,3.473802884
473,2.80586542,5.845266422
474,3.052662969,2.25788939
475,2.551139249,3.038500627
476,3.273103158,4.050216118
477,3.006052229,3.109491587
478,2.505065825,2.98557965
479,2.665341086,2.401698828
480,2.806333012,4.657969157
481,3.672056158,3.411935329
482,3.899490092,6.45593977
483,3.65162207,3.989260674
484,3.713738706,6.883632978
485,4.312132279,6.062720458
486,4.40794664,4.197688659
487,3.19806989,3.395549536
488,2.382854488,2.159020384
489,2.678137726,2.471868992
490,2.534668472,2.135887861
491,2.523024665,2.327216029
492,2.476781872,3.016390165
493,2.812651475,2.864998182
494,2.490174121,2.956801971
495,2.666934702,2.689005772
496,2.528639118,3.060288986
497,2.475917366,2.799937963
498,2.559271865,2.589411259
499,2.260102974,2.289979736
500,2.35024892,2.671252807
501,2.516608662,2.22618258
502,3.148159054,4.852601687
503,3.072902971,2.935130755
504,2.517435604,2.23897326
505,2.345206393,5.328698794
506,2.952584399,3.177935203
507,2.835282352,2.760166327
508,2.885512657,3.20972832
509,2.825857613,2.985019366
510,3.122141361,3.686652899
511,3.016813437,3.124809742
512,3.316560692,3.71253713
513,3.910711845,2.780934572
514,3.175572607,4.641953309
515,2.899897575,2.414101283
516,2.68394804,5.228817781
517,3.198991087,2.41095527
518,2.803717905,2.483923554
519,2.428434783,2.51958398
520,2.521704329,2.557073832
521,2.307341205,2.782777468
522,2.768651326,3.608174801
523,2.565488444,2.685803095
524,2.637425714,3.004995982
525,2.866417752,2.887452284
526,3.208846993,2.54571867
527,2.886171579,3.283237855
528,2.812896305,3.184578101
529,2.515754713,3.899159988
530,3.13197022,3.090518634
531,3.070157819,8.367966334
532,5.390312274,7.20680205
533,4.972129239,4.879356384
534,4.806353662,7.966954867
535,5.789138847,3.679094394
536,3.746567408,6.749504725
537,3.992617024,6.127987703
538,3.863622056,2.885351102
539,2.644974748,2.666144371
540,2.363011122,2.58861351
541,3.053537501,2.664516687
542,2.679705646,2.68590943
543,2.395281898,1.985510449
544,2.497474538,2.268136104
545,2.568070465,3.423355103
546,3.589123223,2.784423033
547,2.750369284,2.441707611
548,2.280450662,2.321917415
549,2.422736645,2.386571089
550,2.691407124,2.566448053
551,2.51521794,2.623324951
552,3.086216331,4.037539244
553,2.748429219,2.146755417
554,2.312821388,2.514015675
555,2.305545886,3.083337148
556,2.350798435,2.244056861
557,2.396608247,2.549803495
558,2.248741243,2.98212409
559,2.500759363,4.048410018
560,2.624938197,2.586033901
561,2.233662552,2.696058989
562,2.316165474,3.162679195
563,2.509767042,2.877506018
564,2.445801377,2.524868568
565,2.259181552,2.474318584
566,2.839744594,2.543003798
567,2.503851877,2.269740661
568,2.309573147,4.868064721
569,2.620176872,3.168296893
570,3.469382419,5.563943704
571,4.677690268,3.778719107
572,3.723057376,5.852913062
573,3.412588424,5.835109393
574,3.766569164,2.773143371
575,3.006370253,4.05607152
576,2.8620575,2.656306187
577,2.349806017,2.104698877
578,2.52351843,4.944359144
579,3.649431785,3.204521418
580,2.601593786,2.718306541
581,2.587857856,2.983655135
582,2.319920023,2.74804616
583,2.479633676,2.271920204
584,2.610476202,6.957444032
585,3.996375243,7.784609
586,5.732286347,8.739719709
587,5.781056563,10.73423958
588,5.07007575,2.776999315
589,2.789015929,3.016351859
590,2.485448175,2.206234336
591,2.239351193,3.010152102
592,2.193887843,2.534211079
593,2.727216522,2.28217109
594,2.303943502,2.762903452
595,2.390246405,2.332592646
596,2.84065489,4.367585659
597,3.398625321,3.246457656
598,3.280772448,3.252836625
599,3.049048795,3.831180255
600,2.858764595,3.465873798
601,2.677693764,3.073224147
602,2.25277359,3.196298838
603,2.424029695,3.191168785
604,2.49477564,2.328110615
605,2.669769671,2.362397114
606,2.150328782,2.990633567
607,2.440974673,2.549149036
608,2.305943277,2.17189765
609,2.241959333,3.006773949
610,2.407525884,2.61071523
611,2.210963421,2.895326138
612,2.410134739,2.447245359
613,3.467710204,5.596234957
614,3.668716934,4.474793593
615,2.866043568,3.09025224
616,2.246814039,2.617640734
617,2.310454673,2.178293347
618,2.169243905,2.242080331
619,2.426147143,4.678123554
620,2.898221678,2.607377132
621,2.439543936,3.279830217
622,2.644641797,2.19713374
623,2.802773409,2.619159619
624,2.253960623,2.179687699
625,2.333082173,2.821344535
626,2.713893281,4.106121699
627,3.506810533,2.506747325
628,3.443081935,4.937037388
629,3.629970762,5.711951733
630,3.861763318,2.895860434
631,3.231959926,2.900581916
632,2.267096811,2.221880674
633,2.196102169,3.090016047
634,2.584530804,2.689914068
635,2.222710053,2.773185015
636,2.500132706,2.634236018
637,2.529795726,3.388757944
638,2.620076564,2.40445296
639,2.592466553,2.604762236
640,2.350664086,2.767711083
641,2.25495708,3.245870908
642,2.48419563,2.97598513
643,2.301689307,2.491967837
644,2.375594616,2.284739733
645,2.881018427,2.417751551
646,2.751909958,4.075352828
647,2.775951889,2.417880058
648,2.267823723,2.488085588
649,2.111537947,3.011060317
650,2.56771036,3.916490078
651,2.823075109,2.778973738
652,3.068297015,3.984666506
653,3.475715664,2.983660857
654,3.80857722,3.0207781
655,2.81530563,2.262020191
656,2.205566843,3.012416124
657,2.374445637,2.258621534
658,2.251062698,2.708297888
659,2.125945833,2.608517567
660,2.230835981,2.34578824
661,2.266274651,3.515817881
662,2.735583862,2.220457037
663,2.300520261,2.567967574
664,2.307649758,1.953647534
665,2.43517673,3.129611731
666,2.428525448,2.428849936
667,2.218848666,2.712559144
668,2.259888742,3.215822697
669,2.559575478,3.181355635
670,2.230160528,2.49613289
671,2.14243069,2.348503272
672,2.219458633,2.56160148
673,2.333286921,3.69448328
674,2.280971355,2.795656363
675,2.430368529,2.105338812
676,2.101967865,2.118057052
677,2.125289294,2.059401274
678,2.161345575,2.347685973
679,2.721814301,2.996013244
680,2.53646236,2.603060325
681,2.26998557,2.715331475
682,2.441320711,4.298696518
683,3.400335166,3.016798337
684,3.278064701,3.094663699
685,3.556453466,2.656670729
686,2.981279386,3.840831757
687,2.62352611,3.199870427
688,2.337706195,3.292330742
689,2.201553053,2.384719928
690,2.127878149,2.457996289
691,2.192400548,2.746805668
692,2.19358484,2.282257477
693,2.056839201,2.509855986
694,2.097866442,2.913699865
695,2.259893444,2.807554245
696,2.511440608,2.797019482
697,2.224807726,2.878422658
698,2.183994744,2.231911858
699,2.226754281,2.809714556
700,2.433626122,3.952569723
701,3.026791493,3.514801423
702,3.584924512,3.641554038
703,3.097567717,3.712984085
704,2.318282339,3.125503461
705,2.247974687,3.365405162
706,2.517184363,2.875941277
707,2.940571427,2.763477484
708,2.538981411,2.211437384
709,2.165130099,2.862660408
710,2.697409656,2.846845945
711,2.689376619,5.639855544
712,4.739046733,4.009728352
713,4.211112075,4.280912558
714,3.39547144,2.58378005
715,2.346586307,2.546930313
716,2.246876902,2.477272113
717,2.683706005,3.309354067
718,2.41510578,2.343087594
719,2.251727104,2.617763519
720,2.123429736,2.257708152
721,2.102463788,2.25911816
722,2.121939752,2.792829752
723,2.241154525,2.989526272
724,3.721759041,3.016232173
725,3.106394079,2.694593747
726,2.973986361,4.316134771
727,2.594122092,4.113446077
728,4.035742813,3.869769255
729,3.484045426,3.961140315
730,2.920656655,5.616710663
731,4.366943969,5.869654814
732,3.03679008,2.275880178
733,2.474537121,3.480719407
734,2.262508286,3.712174257
735,3.579162015,2.210048556
736,3.072424836,3.354491313
737,2.293389281,2.48779432
738,2.27215706,2.208955884
739,2.174262404,3.089205583
740,2.256812599,2.535899798
741,2.230271657,3.209900459
742,2.192240437,2.702958186
743,2.11500238,2.516049544
744,2.48728866,2.522308985
745,2.070270061,2.865490039
746,2.225853761,2.644567172
747,2.326372147,2.559644222
748,2.261404898,2.268716256
749,2.044903557,2.154855808
750,2.191798157,2.381868521
751,2.429664797,2.688137213
752,2.190454072,2.941590309
753,2.17143374,2.130016367
754,2.022855189,2.57915163
755,2.190615932,3.850737413
756,2.616101927,2.217807531
757,3.288626856,2.728713274
758,2.897815598,3.148299138
759,2.538244128,3.194744031
760,2.461335844,3.407631477
761,2.59489637,2.179600914
762,2.828908099,4.285368681
763,3.058512105,2.305474242
764,2.227289557,2.470961412
765,2.097002241,2.347002347
766,2.120814443,2.578943451
767,2.480225523,2.155907154
768,2.397771928,5.207705975
769,3.379126814,2.680135012
770,2.778355095,2.419628779
771,2.505088925,3.163098256
772,2.253238148,2.017841101
773,2.243301352,2.880915642
774,2.61857348,2.980036577
775,2.727452331,3.52714475
776,2.379879104,2.114926656
777,2.103599429,2.168413838
778,2.294399553,2.212590893
779,2.427616398,2.594350497
780,2.308183114,2.372416417
781,2.635765606,4.476720174
782,4.849642197,5.147150834
783,3.083666325,2.426009218
784,2.314383705,2.152497133
785,2.273679018,3.199241082
786,2.584222794,2.408234119
787,2.67166049,2.371644338
788,2.095122629,2.335311413
789,2.125891301,2.71342802
790,2.419476483,2.033339858
791,2.947617518,6.295616786
792,5.020612611,8.016290347
793,3.956644482,4.62874794
794,3.205728187,5.658467134
795,3.80233317,4.940861066
796,3.430652989,2.598987103
797,2.494255675,2.374237458
798,2.398592313,3.096175989
799,2.286001126,2.075859427
800,2.126033015,2.952355146
801,2.563816733,2.405033191
802,2.923428191,4.774459203
803,2.751900276,2.179952542
804,2.162769583,2.405972004
805,2.072177463,2.138740579
806,2.153450582,3.046874205
807,2.669864708,2.849278609
808,2.342645884,2.00450182
809,2.186154498,2.225000302
810,2.557426055,2.808800459
811,2.153487775,2.408934593
812,2.065303802,2.834986091
813,2.2881057,2.608990272
814,3.7481979,4.67659235
815,3.796793805,5.018136978
816,2.835702154,2.665570656
817,2.217597842,3.312019189
818,2.592830075,2.878270825
819,2.156477253,3.224576712
820,2.386865139,2.435008168
821,2.41165887,2.530097564
822,2.111272044,2.331703703
823,2.277394931,3.259367387
824,2.188913623,2.117234667
825,2.212107473,2.346831878
826,2.009409759,2.626853704
827,2.086289101,2.209089279
828,2.221497191,3.543264945
829,3.07628874,6.734600544
830,3.583717744,3.196539561
831,2.662512541,2.233870029
832,2.213484738,2.556253672
833,2.10116148,2.955818097
834,2.53035397,2.526677847
835,2.268343912,2.338566542
836,2.051622113,2.480654836
837,2.089389377,2.13160185
838,2.093115303,2.386836926
839,1.990679397,2.163018823
840,2.389408522,3.858796517
841,2.53785797,2.980478446
842,2.543491522,3.500243028
843,2.584565984,2.171232661
844,2.485138443,3.348152161
845,2.349346028,2.792136828
846,2.445720977,2.628665527
847,2.180910773,2.639765819
848,2.492793189,5.205212116
849,3.560053322,3.330682039
850,2.290737404,3.216199001
851,2.396711045,3.787003358
852,3.527906842,5.832161268
853,3.439865589,2.826232751
854,2.266503003,2.175663789
855,2.83877288,3.22775801
856,2.630579697,3.065647761
857,2.269531118,2.044341763
858,2.090689301,2.588101228
859,2.363963101,2.794347604
860,2.437123431,1.937732458
861,2.202267607,3.216740529
862,2.892137077,2.725076993
863,3.147375504,2.459191004
864,2.865744909,2.919890722
865,2.297416872,2.443163395
866,2.060664588,2.211158514
867,2.071631246,3.080167929
868,2.411036412,3.356160323
869,2.561670581,3.392033895
870,3.076338821,3.00381724
871,3.021853844,3.133574645
872,2.437815812,2.429977417
873,2.230039159,4.01272138
874,2.659967475,2.195513606
875,2.281833397,2.049485604
876,2.117278152,2.259534438
877,2.125685136,2.661961317
878,2.160530329,2.629950841
879,2.117093709,2.056991855
880,2.128381345,2.271240473
881,1.984414935,2.539262136
882,2.161257214,1.962252696
883,2.000814862,3.514619827
884,3.532986164,2.286255439
885,4.297357824,2.775139252
886,4.13934048,5.584083875
887,2.972840336,3.674960136
888,2.422957328,3.086460749
889,2.509700245,2.759976705
890,2.295563658,1.960748752
891,2.059520761,2.78080217
892,2.248815338,2.351769527
893,2.091153423,2.249019543
894,2.286117792,4.225692431
895,2.8455632,5.895009041
896,3.166081084,3.790837049
897,2.993873808,2.743893584
898,4.465623193,4.104070584
899,2.814498266,2.170668165
900,3.246884531,2.585381031
901,2.592523721,3.620684862
902,2.405299001,2.675385316
903,2.292397804,2.140977859
904,2.505061891,2.951116323
905,2.164522025,2.523083766
906,2.00874069,2.723679701
907,2.291615976,2.665494363
908,2.394004411,2.466361602
909,2.049301876,2.343185584
910,2.504748503,3.693476359
911,3.053827206,5.108144919
912,3.88168274,3.126762867
913,2.190580646,3.028672218
914,2.361139867,2.111778021
915,1.968841381,2.839653413
916,2.456860635,2.702320139
917,2.743401514,3.180171967
918,2.336688691,2.515034238
919,2.075413889,3.082349141
920,2.37794635,2.10532999
921,2.029568831,2.47455128
922,2.069463703,2.252794345
923,2.525893397,4.188745896
924,2.341364013,2.278470357
925,2.148848441,2.211408536
926,2.060647302,3.456764698
927,3.14169436,3.20046401
928,2.948085467,3.107880354
929,2.878011624,4.64636151
930,3.426201529,6.011066278
931,3.062609249,2.819596092
932,2.350471006,3.126336495
933,2.122652319,2.567167362
934,2.265195277,2.152392189
935,2.047728313,2.19100221
936,2.40346792,5.567657471
937,3.152414653,6.384804408
938,2.933248308,3.385633548
939,2.146596286,2.309944908
940,2.382099417,3.679491758
941,2.379031049,2.531869094
942,2.154395766,2.346443256
943,2.028061801,3.108311574
944,2.093308542,2.632675886
945,2.020136515,2.252077421
946,2.185950239,2.509205182
947,2.346510291,3.098710378
948,2.569881625,3.085120042
949,2.331868675,2.748831193
950,2.646776438,3.527858575
951,2.352444331,1.975716511
952,2.180727826,3.482210716
953,2.076656183,2.201844613
954,1.989081144,2.768975814
955,2.239582777,2.543515126
956,1.991534352,2.381200711
957,1.992952069,2.491842667
958,2.099074019,2.631473859
959,2.533370111,3.124298811
960,2.28602265,2.171867569
961,2.002411048,2.194820642
962,1.979676723,2.485395034
963,2.273464375,2.962604523
964,2.370733261,3.473888795
965,3.535922978,2.650546869
966,2.321698374,1.985016584
967,2.283855836,2.170812647
968,2.031043715,2.994770447
969,2.307704184,4.087553422
970,3.021409406,4.808811029
971,3.059852852,2.651043733
972,2.06878984,2.281782905
973,1.931860169,2.161007126
974,1.933895071,2.068465312
975,1.949607081,2.215605537
976,2.449239294,2.613764087
977,2.182287653,2.284082572
978,2.272558265,2.458881378
979,2.066163076,2.166200638
980,2.073990941,2.336715778
981,1.95477079,3.997871637
982,2.375882692,2.098320842
983,2.402729564,2.347289562
984,2.785079545,3.467205207
985,2.012958924,2.38986659
986,2.183526688,2.271058917
987,2.201598088,2.573681196
988,2.012933784,2.469858329
989,2.182206167,2.494852543
990,2.321306785,2.322924852
991,1.963808311,2.023713867
992,1.927662147,2.36905396
993,2.108270658,2.665148497
994,2.18464854,2.386772235
995,1.970886297,2.699705044
996,2.299422317,3.299868226
997,2.599491437,2.522993644
998,2.199895634,2.641329845
999,2.350065615,2.905208508
1000,2.094056169,4.732642968
1001,2.768339078,4.650598844
1002,2.407632603,2.985097408
1003,2.865074158,2.495939732
1004,2.181071149,1.935863614
1005,2.048378097,2.769902547
1006,2.024447388,2.523568789
1007,2.209236039,2.65987428
1008,2.08678684,2.440902472
1009,2.04528092,2.295399825
1010,2.020225048,2.644743681
1011,2.100248019,2.257645051
1012,2.363639037,2.595077674
1013,2.392794609,2.04328982
1014,2.008143942,1.94508485
1015,1.961759541,4.052624226
1016,2.630520516,2.057280461
1017,2.271523952,2.154869954
1018,2.292893622,2.165444652
1019,1.94403104,2.626159588
1020,1.950778564,1.998832067
1021,1.946826312,2.365559737
1022,2.337974747,2.245038827
1023,2.011543433,2.208841801
1024,2.166977472,2.873294195
1025,2.175852127,2.331403732
1026,2.025550961,2.543941498
1027,1.854577157,2.729063034
1028,2.035435703,1.89801534
1029,2.030482319,2.944916566
1030,2.08046978,1.80899783
1031,1.904235138,2.186310689
1032,2.048152804,1.819725613
1033,2.031961057,2.205036402
1034,2.014198422,2.24135979
1035,2.14099141,1.974586566
1036,1.992985977,2.78273646
1037,1.9965084,2.97246623
1038,2.061723855,2.129455169
1039,2.171069702,2.766301394
1040,2.224125306,1.939347823
1041,2.026109033,2.878312588
1042,1.948071731,2.583514293
1043,1.915919436,2.130784194
1044,1.992183407,3.09718736
1045,2.517368264,2.11095798
1046,2.249764178,4.088603258
1047,2.546773182,2.384035746
1048,3.173002243,4.584407489
1049,3.063676768,3.211908023
1050,2.605526553,2.180944761
1051,2.461029265,2.352629185
1052,2.538869818,3.373951117
1053,2.541747438,2.394273837
1054,2.276094529,3.034000953
1055,2.51065139,3.102128188
1056,2.487563266,2.500960827
1057,2.118669113,2.030204217
1058,2.253830512,4.57011493
1059,2.966245598,4.196856419
1060,3.223217289,7.02824529
1061,3.624336614,4.839351177
1062,2.856555012,2.793305635
1063,2.538381577,2.1638364
1064,1.926631927,2.753545761
1065,2.046116551,2.14959681
1066,2.16145726,3.286898295
1067,2.58083815,3.4508063
1068,2.596150451,2.127149622
1069,2.094448196,2.084700147
1070,2.17436556,3.242180745
1071,2.405990269,2.243597428
1072,2.227231993,3.198798418
1073,1.985696567,2.151468277
1074,2.256950418,2.645307938
1075,2.55530164,2.495994091
1076,2.14922954,3.440774361
1077,1.972288807,2.638291915
1078,1.993405395,2.745557706
1079,2.014541388,2.423923016
1080,2.04667045,1.997596025
1081,2.433200479,2.331116756
1082,2.104142308,2.342714071
1083,2.024892463,2.643194755
1084,2.357697845,2.258634249
1085,2.140757057,2.296602488
1086,2.233381457,2.614984989
1087,2.210823377,2.368383169
1088,2.239804347,2.765986999
1089,2.135349658,2.118896325
1090,1.889867504,2.195714156
1091,2.280804409,3.264412562
1092,2.248095817,2.4614652
1093,1.942183733,2.087854067
1094,1.894689971,2.449115912
1095,1.959141586,2.045905908
1096,1.966766225,2.635293166
1097,1.947050214,1.936385433
1098,2.100426184,2.238434831
1099,1.946225842,3.100936095
1100,1.953441143,2.484933615
1101,1.979555567,2.239164591
1102,2.816994508,2.42463994
1103,2.149109085,2.414147774
1104,2.074788253,2.295359691
1105,2.21245065,3.983225584
1106,2.504216671,2.534534375
1107,2.405656881,2.236041745
1108,3.040346397,3.002931674
1109,2.704608255,2.058246652
1110,2.064838979,2.773629109
1111,1.996715652,2.597507993
1112,1.858137793,2.096646706
1113,2.240803202,2.330949783
1114,1.856726448,2.200997432
1115,1.938586805,2.495792786
1116,2.40747363,2.215514104
1117,2.307765179,3.191234986
1118,2.33711191,1.959429145
1119,1.942585945,2.488855441
1120,1.872219801,1.943591754
1121,2.765942772,3.689310312
1122,2.750697692,2.204435031
1123,2.406105717,2.053684473
1124,2.074876799,2.079340895
1125,2.036411736,3.408435027
1126,3.230347157,2.094976465
1127,2.682705124,2.343776703
1128,3.295972069,4.473911762
1129,2.67644914,3.495336374
1130,2.669066032,2.617657026
1131,2.060930226,2.821806272
1132,2.306037254,2.287650903
1133,2.172149301,2.87606744
1134,1.946710136,2.436215281
1135,1.942794349,2.072904229
1136,2.011627131,2.954941273
1137,2.518668214,3.367318392
1138,3.348131326,3.565047185
1139,2.542972194,1.844148219
1140,2.168729769,2.380786061
1141,2.080865211,2.06906577
1142,1.967815373,2.130700906
1143,2.227143725,2.616416931
1144,2.782318407,3.4712255
1145,2.866080946,2.635948261
1146,2.579209222,2.538786014
1147,1.940399223,2.148761113
1148,1.990915524,1.901252508
1149,2.710289518,2.801432769
1150,2.82598971,2.255629142
1151,1.989191877,2.189570944
1152,1.98370568,2.501867533
1153,1.978608754,2.240859429
1154,1.83925573,2.122493863
1155,1.914948887,2.29487133
1156,2.154477186,2.207624833
1157,1.918370128,2.12833337
1158,1.897813665,2.229673624
1159,1.949049619,2.30515488
1160,1.927820775,2.382003387
1161,2.18861511,2.363838037
1162,1.912212902,2.050660849
1163,1.948222982,2.644588391
1164,2.238899059,2.433027983
1165,2.243518564,2.561689695
1166,2.351114379,2.391644398
1167,1.93645823,2.469213724
1168,2.047511737,2.166901787
1169,2.474283987,2.441703876
1170,2.559927397,4.2967062
1171,2.610156258,4.711922646
1172,2.965601047,3.400977453
1173,2.660791318,2.907290856
1174,2.132395572,2.105929772
1175,1.999004867,2.394106388
1176,2.120779302,3.034561793
1177,2.019529541,2.450915813
1178,1.880526053,2.284654935
1179,1.94873186,3.344979127
1180,2.029459106,2.165873488
1181,1.90001444,2.080347935
1182,1.873231676,2.524150054
1183,1.946067903,2.181600054
1184,1.865994771,2.096255501
1185,1.913102614,2.428557714
1186,1.947402716,2.487320264
1187,1.964389629,2.244242072
1188,2.392300169,4.361834685
1189,2.847959227,2.287210703
1190,2.023333497,2.336264928
1191,1.991606752,2.103514155
1192,1.925570369,2.051207066
1193,1.800046444,1.90081807
1194,1.879664103,2.460438967
1195,1.876291288,2.500998179
1196,2.026884741,2.911654472
1197,2.033235669,2.418166002
1198,1.978910565,2.307289441
1199,2.260241787,2.250216484
1200,2.159715705,2.930154403
1201,2.164258215,2.396076997
1202,2.007256773,2.054264704
1203,1.859176318,2.472194354
1204,2.101372017,2.587189674
1205,3.586292452,2.991201957
1206,3.001682493,2.749986649
1207,2.218714237,2.182163199
1208,2.187035349,2.821990609
1209,2.526277184,2.004918694
1210,2.317610052,2.370930592
1211,2.580852615,2.721295516
1212,2.098749889,3.639522791
1213,2.622974899,2.551102281
1214,1.963396178,2.29388682
1215,2.111164716,2.322193146
1216,2.005082952,2.142460227
1217,1.916841984,3.236930927
1218,2.216797339,2.443034331
1219,1.943447378,2.536584059
1220,1.982311964,2.931007942
1221,2.24882061,1.97539254
1222,2.231952084,2.832769632
1223,2.187717213,2.385984818
1224,2.065500326,3.005487442
1225,2.198448327,2.322278182
1226,1.861534834,2.365932782
1227,1.898722569,2.155637582
1228,1.841358953,2.461140474
1229,1.831085655,2.13811481
1230,1.943715572,2.419196924
1231,2.025375366,2.820465803
1232,2.427983072,3.790327867
1233,3.406763977,5.423332532
1234,2.918171114,1.899243871
1235,2.313508338,3.58075881
1236,2.511116783,3.361274083
1237,3.01675925,3.936794917
1238,3.30683291,3.115801891
1239,2.133365975,2.098439733
1240,1.938454482,1.920380513
1241,2.222742332,3.656396468
1242,2.118493888,2.06071651
1243,2.1121521,2.508880695
1244,2.098973062,2.989988009
1245,2.213372456,3.819908937
1246,2.492423362,2.953410625
1247,1.925747209,2.021199147
1248,1.861273872,2.236035387
1249,1.877035843,2.379412015
1250,1.923007422,2.014506737
1251,2.461271895,2.893263817
1252,2.554672983,2.118400812
1253,2.124912646,2.621504148
1254,1.876583894,2.474748055
1255,1.92594564,2.136915604
1256,2.083858755,2.160950581
1257,1.994682643,3.913119475
1258,2.107371132,2.779951413
1259,2.149605473,2.301913341
1260,1.846665608,1.746007979
1261,1.951881846,2.295425097
1262,1.992326432,5.532622337
1263,3.89575349,6.54357481
1264,4.72635897,4.136544704
1265,3.921539704,6.272828102
1266,2.788264871,2.611553907
1267,2.113791174,2.225942055
1268,2.0376895,2.02122589
1269,1.848024554,2.012052735
1270,1.86637538,4.342830181
1271,2.989093145,2.295448224
1272,2.076642275,2.451789459
1273,1.983814968,3.006233692
1274,1.961692214,2.101853808
1275,2.095413287,2.634123166
1276,1.918490132,2.97886308
1277,2.210679134,2.198910634
1278,2.401059667,2.089569529
1279,2.331814435,2.80405879
1280,1.964504255,2.731384913
1281,2.136185553,3.080172221
1282,2.060454965,1.959107439
1283,1.841737906,1.895172993
1284,1.869677252,2.067630331
1285,1.965254572,2.259203911
1286,1.967809267,2.110610922
1287,1.78897863,2.093525887
1288,1.937946796,2.069409172
1289,1.869497816,2.050865769
1290,1.809992923,2.674256086
1291,2.083993316,3.827346404
1292,2.368498484,3.334016085
1293,2.10974031,2.160509586
1294,2.138767891,3.248102506
1295,2.383491158,2.446913163
1296,2.498413947,2.673845768
1297,2.057932867,2.491318385
1298,1.83591093,2.315961679
1299,1.883373949,2.652063608
1300,2.459059993,2.215706348
1301,2.096172028,2.406839053
1302,1.888117578,2.082228859
1303,1.790893171,1.802561363
1304,1.84562956,3.66814367
1305,2.47218038,2.215006034
1306,1.83419625,2.506898642
1307,1.803090135,1.940336148
1308,1.938971149,2.83986338
1309,2.095035235,3.174634139
1310,2.137066735,2.091717561
1311,1.91006875,2.631130656
1312,1.818558865,2.31904157
1313,1.787765834,2.487231175
1314,2.116872152,2.385416826
1315,2.313149028,2.128647645
1316,2.782919274,2.962465684
1317,2.10240433,2.424931129
1318,1.943120095,2.916228851
1319,2.272046261,2.224502325
1320,1.927021649,2.580926498
1321,3.6913203,2.78686293
1322,2.654422522,2.373909553
1323,1.912005676,2.111430526
1324,1.969307012,2.364525398
1325,2.344497906,2.372109016
1326,1.921864973,2.601104577
1327,1.978131466,2.976265113
1328,2.104655226,2.279107809
1329,1.887269563,2.775508483
1330,2.073880103,1.968189875
1331,2.002417088,1.811619798
1332,1.862812943,3.096888304
1333,1.997201628,2.336440245
1334,1.854324712,1.752221803
1335,1.959987707,2.526918968
1336,2.280557262,2.260025501
1337,2.019564456,2.39533178
1338,1.876752959,3.044636806
1339,2.004540179,1.813589692
1340,2.087418901,1.869223475
1341,2.15868628,2.67583998
1342,1.940448152,2.56697313
1343,1.986658692,2.425868789
1344,2.583063655,4.576121489
1345,2.859715064,4.773006121
1346,3.486432221,4.800807397
1347,2.709607455,2.447192987
1348,2.457704213,1.964695851
1349,2.053113924,2.365527948
1350,2.252600789,2.479629676
1351,3.258433753,2.689054887
1352,2.737916258,2.578809977
1353,1.956419309,2.023530126
1354,1.822220365,2.49288698
1355,1.965297527,2.389301221
1356,1.978516128,1.920863787
1357,1.890637981,2.209339619
1358,1.888906426,2.209582686
1359,1.939211408,2.054867705
1360,1.799984243,2.232758562
1361,1.820171369,2.509128968
1362,1.899106569,3.392143965
1363,2.165375815,2.528093576
1364,2.566463245,1.935553471
1365,2.270912223,1.804123282
1366,2.244147023,2.05535543
1367,2.344640904,2.905295412
1368,2.269941886,2.248011629
1369,2.138205727,1.847873489
1370,1.90081048,2.106207569
1371,1.786933343,1.934376995
1372,1.895194689,3.246577978
1373,2.08217348,1.868673603
1374,2.119508995,2.167718848
1375,2.052309619,2.09050868
1376,1.907907473,2.246698141
1377,1.929150369,2.899484396
1378,2.036611425,3.257970889
1379,2.684244805,2.166337291
1380,2.758539822,2.023619056
1381,2.891501056,2.346962055
1382,2.73338804,2.157762448
1383,1.986008657,1.941685716
1384,1.872633855,2.213916659
1385,2.108112772,2.173037291
1386,1.851367672,2.669685841
1387,2.028922227,2.623011788
1388,2.227450119,2.243729075
1389,1.864873542,2.370004892
1390,1.853336851,2.666251024
1391,1.997919599,1.983555516
1392,1.985695004,2.183928172
1393,1.877171993,2.044615467
1394,1.808066143,2.516104817
1395,2.184148908,3.217887958
1396,2.373280035,2.214468241
1397,1.874477108,2.153701941
1398,1.836523149,1.780868292
1399,1.81269345,2.200758378
1400,1.978503797,2.495624304
1401,1.973011957,3.556653976
1402,2.310987578,1.926074664
1403,2.016445756,2.370150566
1404,1.883410705,2.424464504
1405,2.076856335,3.036377668
1406,2.386313399,2.294876655
1407,2.033145812,2.404373487
1408,2.375587145,3.247201125
1409,2.104540825,2.127805392
1410,1.903194295,2.47305886
1411,1.793387903,2.591137489
1412,1.811585996,2.854887486
1413,1.983521316,2.608264446
1414,2.016195258,2.740548531
1415,2.137342983,1.875921249
1416,1.996916029,2.381416957
1417,2.115816289,2.311017474
1418,1.899222136,2.415471792
1419,1.82474886,2.581936439
1420,2.079227143,2.409420808
1421,1.849175347,2.075979153
1422,1.845375061,2.58949693
1423,2.126097361,1.847888986
1424,3.364927014,2.886373123
1425,2.366708477,3.362239281
1426,2.468733973,2.201949239
1427,1.999322189,2.413956046
1428,1.852276762,2.118895491
1429,1.903727134,2.051302512
1430,1.782347891,1.917669296
1431,1.981014119,2.151922941
1432,1.759528968,1.996292075
1433,1.924108492,2.08075424
1434,1.867764049,2.231296062
1435,2.203734861,2.248159011
1436,2.091637823,2.835405509
1437,2.222312358,3.318855604
1438,2.659462836,2.279817541
1439,2.189491325,1.987343947
1440,1.796730306,3.066161076
1441,2.114246514,2.28633817
1442,1.868151002,2.13339293
1443,1.752316078,1.968843182
1444,1.861612863,2.220028798
1445,1.900075515,2.078978419
1446,2.038128853,2.030272444
1447,1.933085084,2.553655028
1448,1.858695692,2.663128138
1449,1.912433995,2.23177886
1450,1.802554435,1.918153365
1451,1.764399303,1.978390177
1452,1.93737283,2.014189164
1453,2.082462218,2.202907721
1454,2.053596748,2.472746054
1455,1.799828609,2.124126991
1456,1.802527203,2.593067169
1457,1.884225474,2.825309118
1458,2.355465253,2.19921577
1459,2.136360248,1.833022316
1460,1.854332394,2.377565702
1461,1.809646964,2.443589687
1462,1.880935285,1.979261676
1463,1.888220549,2.102822542
1464,1.798689193,2.225827456
1465,2.170864834,1.825978398
1466,2.308268732,3.167524974
1467,2.045957473,2.615283489
1468,2.181637446,3.083922148
1469,2.138961977,2.185292363
1470,1.935347875,2.165699323
1471,2.112527357,1.976637284
1472,1.945565621,2.278880596
1473,1.762200077,2.182130416
1474,1.818355388,2.966605107
1475,2.200028486,1.820285559
1476,2.210466544,2.558425029
1477,1.96840624,1.925360878
1478,1.843335509,2.178115447
1479,1.838316679,1.89928023
1480,1.799188495,2.236339291
1481,1.763811482,1.878263076
1482,1.737722768,2.461678068
1483,1.780754858,1.661558131
1484,1.737994525,2.032013496
1485,1.933648798,4.339253743
1486,2.616288437,2.959780693
1487,2.53491754,2.540582101
1488,1.919413328,2.678069433
1489,1.870819211,2.403164228
1490,1.780259159,2.165288289
1491,1.870283696,1.93292884
1492,1.832483384,2.073807716
1493,1.899652084,2.56427749
1494,1.955338147,2.314656973
1495,1.87476978,2.552759091
1496,2.360253745,2.102624853
1497,1.93209464,1.954299927
1498,2.454726471,3.657363971
1499,2.563385646,3.170556784
1500,2.136934201,1.927732587
1501,1.904772758,1.722397963
1502,2.098166135,2.466699998
1503,1.834637046,2.393851678
1504,1.845130748,2.48040692
1505,2.350505484,1.925617576
1506,2.155881458,2.285477201
1507,2.207107637,2.017398715
1508,1.904627323,2.191581527
1509,2.166056832,2.463744561
1510,2.178786834,3.15273277
1511,2.362116999,1.920750539
1512,1.785674373,2.040325681
1513,1.931483467,3.159413735
1514,1.997660783,2.127368053
1515,2.007940597,1.852858106
1516,1.820989543,2.966612736
1517,1.883690172,2.467744112
1518,1.73697967,2.147454977
1519,1.779636847,1.900161862
1520,1.957544102,2.66045324
1521,2.038201067,1.868502537
1522,1.846323583,2.020105203
1523,1.972796983,4.063680013
1524,2.1447549,3.403533618
1525,2.426241318,1.800915122
1526,2.199739337,2.301056782
1527,1.772548027,1.957788348
1528,1.897103217,2.26486369
1529,1.817403807,1.872614622
1530,1.743608899,2.600516796
1531,1.986641129,2.830976089
1532,1.955488086,2.272202571
1533,2.171648039,1.927410722
1534,1.844693886,2.670779546
1535,1.939460794,1.884217819
1536,1.86735136,2.419218739
1537,1.938184553,2.062578996
1538,1.967045744,2.043446064
1539,2.265254286,2.521138628
1540,2.21320902,1.7729973
1541,2.398916125,2.81789732
1542,2.017702447,2.106940985
1543,1.744571514,2.301726023
1544,1.931022763,1.859485348
1545,2.092937986,2.605891625
1546,1.931512912,2.306451162
1547,2.015959197,2.044438839
1548,1.845897595,2.271327178
1549,1.842112422,2.120595137
1550,1.902261655,1.809745471
1551,1.916824487,2.779607217
1552,1.945005417,1.938461026
1553,2.533986277,2.282617013
1554,2.474896457,3.639088631
1555,2.06855011,2.225509048
1556,1.899691171,2.261919181
1557,1.856928865,2.127177715
1558,1.876247075,2.087822437
1559,1.879686978,1.843512138
1560,1.930021829,1.94215858
1561,2.006175319,2.348345518
1562,1.897960292,2.226695458
1563,1.865959419,2.394161622
1564,1.803142998,1.987777154
1565,1.871214562,2.09836332
1566,1.942850908,2.366383155
1567,2.034289744,2.062469085
1568,1.893858737,2.005471905
1569,1.795525803,2.06457293
1570,1.760801911,2.052386602
1571,1.74997996,2.035939813
1572,1.883206315,1.933359265
1573,1.884130081,2.625997225
1574,1.8080656,2.032234629
1575,1.724770519,2.12796092
1576,1.731002092,2.314019283
1577,1.727445801,2.256243626
1578,2.053623796,3.51039664
1579,2.043744233,2.222438653
1580,1.997752494,2.712936481
1581,2.100142598,2.750772317
1582,1.977824105,2.36616532
1583,2.192817476,2.133856018
1584,2.119181315,4.833148003
1585,2.710338407,3.507386128
1586,2.686338968,2.184820096
1587,2.101177004,3.105929931
1588,2.075837188,1.936672568
1589,2.472006083,2.734875361
1590,1.896583425,2.029360215
1591,2.024150054,3.073533058
1592,2.113978333,1.981492122
1593,1.790437606,2.444618146
1594,1.753091786,2.227536003
1595,1.917294727,1.98723503
1596,1.865421838,1.97733144
1597,2.505235831,2.708643993
1598,2.198329555,2.464498361
1599,1.837843988,2.600819508
1600,1.820548786,1.758622845
1601,1.72020981,2.33552587
1602,1.781963666,2.522973418
1603,1.98550619,3.015842756
1604,2.091439631,2.785209258
1605,1.934041315,1.91553839
1606,1.718625519,2.618596951
1607,1.900139027,2.437782884
1608,1.733674751,2.142269135
1609,1.696135057,2.704365174
1610,1.776692907,1.916609724
1611,1.765276512,1.969768643
1612,1.736006459,2.110224565
1613,1.771113051,1.945233941
1614,1.825636903,1.980392218
1615,1.806775504,2.055944085
1616,2.00432988,3.438916365
1617,2.411899169,2.264331261
1618,1.771243029,1.871189435
1619,1.784511301,1.874529481
1620,1.713702242,2.576994022
1621,2.12821628,2.535751899
1622,2.403980017,3.190448125
1623,2.502188868,2.673555215
1624,3.921020177,5.199988206
1625,3.644435406,2.943792979
1626,2.42714821,2.358506441
1627,2.408574329,3.522378365
1628,2.469127231,1.937637051
1629,1.938270993,2.509232918
1630,2.018339435,1.895941695
1631,1.959374176,3.164824645
1632,1.952748815,3.353109201
1633,2.116330703,2.013892651
1634,1.809778478,1.883459051
1635,2.116000586,2.445573012
1636,1.828061832,2.156093955
1637,1.74427402,2.033119758
1638,1.746122956,2.104722699
1639,1.828933438,1.780191859
1640,1.790070256,1.91079704
1641,1.738176492,1.696294328
1642,1.802936594,2.236863375
1643,1.98309048,3.306411107
1644,2.893696176,2.245967786
1645,2.586061425,5.518356323
1646,2.665018744,2.788766623
1647,2.084063583,2.411697626
1648,1.900147915,2.496535778
1649,1.904137082,2.300200899
1650,2.061617361,2.191628257
1651,1.981705308,4.218545198
1652,2.608151343,3.038228035
1653,2.141126739,2.444842935
1654,1.768022193,2.122162302
1655,2.113100635,2.275815527
1656,2.332765367,3.06368351
1657,2.10367926,1.750524799
1658,2.006423937,3.844715754
1659,3.076876852,3.597408136
1660,2.640267293,2.263664802
1661,1.935396658,1.977845748
1662,1.775001605,2.157121221
1663,1.828386413,2.002621611
1664,1.864325775,2.151392738
1665,1.838403861,1.884928743
1666,1.950812154,1.905509988
1667,2.174511949,1.724562168
1668,2.177640041,2.701776862
1669,2.176510109,2.675537984
1670,2.011126452,2.537656784
1671,1.948288163,2.925494035
1672,2.295065231,2.848719915
1673,2.163384159,2.42804718
1674,1.724371301,2.420105894
1675,1.765853299,1.716106534
1676,1.788167119,1.841442029
1677,1.718527171,2.735352596
1678,1.866227667,2.347062469
1679,1.988376035,2.095387657
1680,1.974847635,2.466854731
1681,1.988245673,2.408580343
1682,1.807583133,2.133682847
1683,1.821231683,1.944067279
1684,1.790767762,2.097210328
1685,1.746391482,2.844344616
1686,1.893653591,2.302277247
1687,1.783582542,2.169688662
1688,2.072557648,2.253059506
1689,1.754230142,1.83885471
1690,1.724855926,2.052022934
1691,2.115117219,2.793422818
1692,1.857132024,2.018784205
1693,1.73168642,1.779889941
1694,1.773529689,2.845389922
1695,1.880395426,2.271346966
1696,1.849627018,2.35337774
1697,1.890254908,2.713779688
1698,2.001148436,1.904651443
1699,1.841641241,2.491545121
1700,1.966742423,2.332055966
1701,2.018131269,2.243632634
1702,2.086881359,2.749338309
1703,1.857177059,2.42756772
1704,1.899078131,2.012082696
1705,1.824615333,2.12807858
1706,1.880962862,2.69177262
1707,1.874557323,2.311549187
1708,1.973555128,3.952947617
1709,2.793035362,2.609869242
1710,2.150237852,2.108086983
1711,1.782212668,1.931140145
1712,1.759090728,1.914898475
1713,1.758300238,1.876139442
1714,1.785085493,2.245933374
1715,2.135434071,1.880404711
1716,2.258096033,3.706036488
1717,2.220335695,1.976278901
1718,2.123152706,2.514026086
1719,2.034320818,2.69097511
1720,1.744474888,1.840767304
1721,1.727575951,2.031747619
1722,1.845642712,2.287441969
1723,1.860028373,2.505178849
1724,1.740385718,1.755516926
1725,2.062880913,2.023518761
1726,1.762286928,2.245195826
1727,1.763600296,1.940934857
1728,1.797499948,2.735586166
1729,2.108915793,2.115876238
1730,1.768027425,1.746954163
1731,1.943254193,2.789135377
1732,2.478960368,2.355389595
1733,2.294778268,3.414338668
1734,2.324487077,3.065170844
1735,2.083101127,2.330126524
1736,1.899406486,3.544713577
1737,1.952149802,2.070547501
1738,1.795815667,2.915167173
1739,2.358262142,1.803238988
1740,2.13970685,3.26259462
1741,2.311882112,2.035967906
1742,1.799157037,3.617372195
1743,2.760363102,3.226234277
1744,2.412787941,3.917259932
1745,2.611875163,2.135448257
1746,2.621009058,2.444700241
1747,2.906710611,3.710972865
1748,3.04161497,3.739124457
1749,2.543152716,2.185788711
1750,1.732479109,2.52932926
1751,1.674315863,2.25712049
1752,1.733054678,1.992448489
1753,1.771580259,2.214595795
1754,2.183077243,2.301546017
1755,2.254412942,1.862598697
1756,1.805625611,1.997414708
1757,1.837808887,2.369674404
1758,1.994789468,1.925973892
1759,1.725805018,1.858233968
1760,1.710374938,2.64611582
1761,1.882155948,2.261745612
1762,2.000698328,2.334550142
1763,1.791244507,2.302589417
1764,1.748289333,2.069990317
1765,1.719232731,1.997778257
1766,1.757562624,2.012166739
1767,1.788230485,2.369230469
1768,1.842366735,2.414221923
1769,1.676675306,1.878740311
1770,1.775966379,2.642199437
1771,1.815143175,2.35714976
1772,1.891205562,2.330454826
1773,1.808248467,2.120377223
1774,1.693531725,2.151443481
1775,1.772304045,1.789378802
1776,1.716037075,2.310395439
1777,1.730368694,2.274792433
1778,1.830235495,2.429157734
1779,1.840089255,2.007717172
1780,1.9046187,2.45966355
1781,1.927148501,1.902784864
1782,1.691722314,1.986889402
1783,1.852835788,2.488167922
1784,2.014164037,2.745216608
1785,2.161048677,3.156524976
1786,2.200649619,1.965321302
1787,1.917257468,1.993659178
1788,2.041309516,2.436619123
1789,1.916136424,2.034281333
1790,1.818811072,1.707349281
1791,1.849625031,2.579755545
1792,2.071669698,2.138577779
1793,1.778989368,1.933503509
1794,1.714294924,2.175955137
1795,1.847544763,2.239350796
1796,1.863095085,2.500013749
1797,2.137682186,2.281429132
1798,1.984001623,2.700642268
1799,1.783000774,1.806924899
1800,1.73234064,1.915707151
1801,1.76084382,2.258026838
1802,1.693186985,2.305821419
1803,1.861898912,1.901715239
1804,1.724937982,1.688473662
1805,1.736650692,1.986308972
1806,1.863343901,2.034573317
1807,2.440061238,4.315345605
1808,2.469102648,2.701581796
1809,1.894165119,2.158288081
1810,1.644017869,1.802245696
1811,1.688981083,1.903153181
1812,1.753146172,3.368623813
1813,1.898972644,2.197592497
1814,1.66805266,2.071448723
1815,1.83568324,3.608361959
1816,2.153023309,2.445396503
1817,2.307018333,1.99996682
1818,2.068344553,1.959453305
1819,1.668745028,1.975849946
1820,1.897333821,2.171838085
1821,1.811075992,2.871059736
1822,1.856624206,2.230422735
1823,1.702038738,1.655776521
1824,1.693934229,1.896692355
1825,1.733671957,2.602993329
1826,1.908814338,3.385700623
1827,2.524332669,2.152775208
1828,2.255531854,4.212049564
1829,2.270455612,2.125191132
1830,1.902514405,1.997473677
1831,1.852924201,3.079296748
1832,2.383137557,2.061493635
1833,1.870639867,2.674112956
1834,1.907359666,1.8934412
1835,1.930764715,2.584916274
1836,1.872802642,2.277588169
1837,1.711288797,1.919752757
1838,1.734293169,2.26699098
1839,2.072535515,3.014683882
1840,2.053339309,2.194680532
1841,2.234419094,2.490243038
1842,2.256450706,1.99077328
1843,1.795442833,1.898898045
1844,1.715261989,2.17676576
1845,1.982711832,2.425303539
1846,1.806571656,2.745369752
1847,2.339824994,2.879270633
1848,2.438078933,1.739317755
1849,1.87535135,1.989498099
1850,1.86398134,1.936187188
1851,2.011971063,2.142523487
1852,2.03121029,2.370899518
1853,2.060795837,2.20180885
1854,1.733131382,2.008133173
1855,1.685296324,1.968054493
1856,1.874711778,2.325611989
1857,1.752987716,1.875006199
1858,1.656293856,1.978687803
1859,1.759887351,2.093044758
1860,1.875711401,2.017246405
1861,1.77412498,1.877896706
1862,1.638780289,1.951704025
1863,1.649630361,2.286634962
1864,1.631457991,2.75390621
1865,1.771666593,2.120856881
1866,1.795154956,3.731046995
1867,2.188684331,2.172692458
1868,1.971300549,2.302407463
1869,1.69452858,1.915790796
1870,1.72509355,2.710271358
1871,1.761063907,1.960724433
1872,1.715503706,3.165203094
1873,2.264406059,1.829866767
1874,1.912486315,2.457859079
1875,2.066685836,2.757482688
1876,2.123012675,2.491234342
1877,2.492691954,2.128780564
1878,1.771068335,2.484580994
1879,1.959588117,2.402961214
1880,1.689794527,2.075095495
1881,1.865624348,2.300753514
1882,1.817888048,2.080386957
1883,1.75784523,2.33967487
1884,2.069339818,1.870734056
1885,1.853691207,3.771635135
1886,2.154894299,3.295944532
1887,1.93662209,3.129415671
1888,1.829451892,2.523916562
1889,2.328415659,2.33455344
1890,2.441086173,2.185103893
1891,2.142075472,2.534989993
1892,2.590386563,1.9474231
1893,2.780874981,2.770649592
1894,1.83406055,2.04003191
1895,1.767991,2.231062889
1896,1.705724054,2.39253966
1897,1.924215502,2.242119233
1898,2.05424118,2.737068892
1899,1.798567441,2.461963256
1900,1.697265612,2.16781199
1901,1.66502983,1.894967675
1902,1.652922842,2.132739584
1903,1.720370319,2.438546181
1904,2.139374071,1.921964407
1905,1.945235557,2.434804281
1906,1.944619682,2.223855575
1907,1.749088354,1.85807093
1908,1.867735465,1.871632934
1909,1.80387134,1.941753308
1910,1.742810143,2.154028495
1911,1.90818033,2.214042743
1912,2.225442529,2.853865147
1913,1.762166884,1.821831902
1914,1.894436399,2.73606507
1915,1.949699071,3.610635678
1916,2.516401596,3.384096781
1917,3.691271093,4.943428596
1918,2.510222647,3.076009432
1919,2.222670317,2.562926213
1920,2.049617132,2.706565698
1921,1.850876371,2.033515255
1922,1.675736679,2.643422286
1923,1.849663827,2.175165335
1924,1.876387318,2.012298584
1925,1.741040826,2.287668943
1926,1.979489128,1.949263652
1927,2.080562459,2.39814202
1928,1.942726215,2.03282245
1929,1.666839004,1.94973735
1930,1.804422524,2.152237336
1931,1.881203559,2.390776555
1932,1.794698278,1.956505815
1933,2.231076837,2.336013158
1934,1.899837706,3.234447797
1935,2.378240956,2.293834686
1936,1.808702098,2.378784299
1937,1.771136138,2.233642538
1938,1.698030021,2.183269024
1939,1.657277412,1.839706818
1940,1.723421852,1.882746259
1941,1.745693392,1.994864702
1942,1.905028383,3.024768511
1943,2.224168777,3.912908951
1944,3.067265656,4.5289313
1945,2.22237836,2.510028124
1946,2.094332814,1.899271568
1947,2.56844257,4.746877193
1948,2.563301643,3.38478144
1949,2.506038441,2.59369425
1950,2.028577513,2.068188151
1951,1.802162343,1.997258385
1952,1.86625127,2.01861155
1953,1.787249115,1.996243517
1954,1.644838121,2.241834243
1955,1.832157519,2.366641601
1956,2.056879044,1.744700273
1957,1.939778262,2.689755519
1958,1.989130921,1.980763952
1959,1.625091063,1.708687584
1960,1.676526096,1.757855852
1961,1.724395235,2.364178975
1962,1.928835246,2.29945763
1963,1.74618725,1.904146632
1964,1.75839187,2.145666401
1965,1.842025227,2.648930828
1966,2.086209337,3.162111044
1967,2.972669681,6.704553922
1968,2.976432178,2.02707088
1969,1.960480981,1.938292821
1970,2.052476313,2.328925848
1971,1.878988451,2.008889476
1972,1.83618727,1.885719498
1973,1.648876561,2.048419118
1974,1.739489569,3.626604716
1975,2.11761574,1.985463619
1976,2.103728599,2.148379962
1977,1.979512917,2.269107024
1978,2.099134405,2.063308954
1979,1.661630366,1.784247875
1980,1.639456285,1.697030942
1981,1.658483307,1.696979364
1982,1.73965968,2.237305085
1983,1.704726179,2.287370841
1984,1.756415804,2.126292864
1985,2.857421637,2.300451279
1986,2.530829827,2.820460161
1987,1.959000587,1.771140218
1988,1.969211552,1.647764484
1989,1.93168856,2.40184164
1990,2.098376777,2.687021772
1991,2.11428029,2.096573949
1992,2.342230598,2.700683514
1993,2.119439999,3.338000456
1994,1.959257894,2.322354237
1995,1.674563011,1.731167555
1996,1.887511545,1.990738114
1997,1.794384546,2.054083347
1998,1.989496854,2.581703822
1999,2.063931836,2.102437576
2000,2.579771068,2.38126111
2001,1.812837866,2.616202195
2002,1.797925936,2.776492596
2003,1.886958732,2.262521187
2004,1.714180734,2.070502877
2005,1.703992195,1.747988939
2006,1.708205356,2.493738969
2007,1.879605015,2.318543077
2008,1.735236221,1.850771149
2009,1.794931928,2.242744962
2010,2.069017861,2.586404244
2011,1.857145985,1.997950514
2012,1.776722391,2.039059599
2013,1.810033255,2.889302572
2014,1.875394424,2.671528578
2015,2.199951251,3.20757397
2016,2.709901002,4.57873853
2017,2.801506519,3.17506059
2018,2.357259128,2.187573592
2019,1.987821738,2.033513467
2020,1.718148973,2.187082291
2021,1.708458768,1.953131437
2022,1.887939069,2.115979751
2023,2.074424929,2.690655549
2024,2.077690721,2.20881482
2025,1.736244255,2.16366756
2026,1.667660303,2.048314889
2027,1.774988876,2.673470736
2028,1.653743055,2.105681101
2029,1.632328365,2.030710459
2030,1.647492727,2.154922446
2031,1.640233742,2.133183201
2032,1.824894667,3.290057818
2033,2.303954893,3.224376837
2034,2.060154359,1.921803792
2035,1.806263275,2.123190761
2036,1.710740103,2.052697221
2037,1.787182132,2.142930945
2038,2.401750114,2.168712536
2039,2.336619483,2.622786601
2040,2.134327557,2.082321167
2041,1.670725438,2.535246372
2042,2.276780936,3.480725924
2043,2.265134533,2.563511451
2044,1.737045527,2.068997065
2045,1.632125934,2.404234409
2046,1.655526678,1.765731414
2047,1.645726588,1.769905885
2048,1.749078896,1.814362685
2049,2.031649643,2.294244925
2050,1.732470897,1.942200144
2051,1.741532935,1.795293669
2052,1.87759002,2.861925284
2053,1.901081257,1.76875337
2054,1.795540677,2.137884855
2055,1.684385697,2.713473399
2056,2.013726036,1.93065544
2057,1.823819054,1.763571858
2058,1.731011298,2.638381879
2059,2.138416595,2.357636134
2060,2.537905786,1.974217335
2061,2.126784192,2.075347463
2062,2.240909497,2.718175173
2063,2.51064033,4.82965374
2064,2.439134015,3.657687664
2065,2.459859504,2.801442862
2066,2.144328886,2.008304
2067,1.913963662,2.21410954
2068,1.745934354,1.755520423
2069,1.731059035,2.946603854
2070,2.001346866,1.820527991
2071,1.675686161,1.8065298
2072,1.698686745,1.947229624
2073,1.855978529,1.653229833
2074,1.944144421,3.300742626
2075,2.690393236,2.122829318
2076,1.855630385,1.684063951
2077,1.676144865,1.678233703
2078,1.757187578,1.924878597
2079,1.741810838,2.575887203
2080,2.105275366,2.560302496
2081,1.996243331,2.120854219
2082,1.959092061,3.263738314
2083,2.10601253,2.471412023
2084,2.171906551,1.96863095
2085,1.800833159,2.100271781
2086,1.612101356,2.380929271
2087,1.670810805,1.811721921
2088,1.594175869,1.899412195
2089,1.685966982,1.680493514
2090,1.647287978,2.794257005
2091,2.002427975,1.789871216
2092,1.626535919,2.182442665
2093,1.751383238,2.422134558
2094,1.746631344,2.3898048
2095,1.788015114,2.109561602
2096,1.73846874,2.149584452
2097,1.944239643,2.843734662
2098,2.060049574,1.973595897
2099,2.064899683,2.38205266
2100,1.789518807,3.252071857
2101,2.522127536,2.03465263
2102,2.697991278,2.252008915
2103,2.218737814,2.36970973
2104,1.735716065,1.945984562
2105,1.951953491,1.944809596
2106,1.657525102,1.759405732
2107,1.765861975,2.009427508
2108,1.655369997,1.768968821
2109,1.655180216,3.079381943
2110,1.925755567,2.21631368
2111,1.756253772,1.728167733
2112,1.699285203,1.794323683
2113,1.853825344,2.82999897
2114,1.933681144,1.792592963
2115,1.685894489,2.030171673
2116,1.877069685,1.800986449
2117,1.62983791,1.798168858
2118,1.710660179,2.553734064
2119,2.017999861,3.040850163
2120,2.187673701,2.12951982
2121,2.066259397,2.07986184
2122,2.050337129,1.958782673
2123,1.664465057,1.957382123
2124,1.70961739,2.269630114
2125,1.862952881,2.057348688
2126,1.583695239,2.697400411
2127,1.71747103,2.937952201
2128,2.846723821,4.129782836
2129,2.337062849,2.203481714
2130,2.07805468,2.863405466
2131,1.95470594,1.995401303
2132,1.638108068,2.232733488
2133,1.628511879,2.098570665
2134,1.715786603,2.136283755
2135,1.957057039,1.90596199
2136,1.996655067,3.110935132
2137,2.617487046,3.154916128
2138,2.069988992,2.148129622
2139,2.04429592,1.940657775
2140,1.970580856,3.706517537
2141,2.769291626,2.251874089
2142,2.066979885,2.433159908
2143,1.793803374,2.578909953
2144,1.82073964,2.046777884
2145,2.11075041,3.228990873
2146,2.015121592,3.802371264
2147,1.95883637,2.081494371
2148,1.858127356,1.847052773
2149,1.676549938,2.075110316
2150,1.783695009,2.434022029
2151,1.667909304,2.034029802
2152,1.780844185,1.944641272
2153,1.65536144,2.122676849
2154,1.778553393,2.149200559
2155,1.714757098,2.368447344
2156,1.749911322,2.241652211
2157,1.937216878,2.057262182
2158,2.293087906,2.137568394
2159,3.131620632,2.839204073
2160,2.714002318,1.767651041
2161,2.124470724,2.221438169
2162,2.419976963,2.191911062
2163,2.692360017,2.147423983
2164,2.476771315,2.168740948
2165,1.702125152,1.725705345
2166,1.632249077,2.231785536
2167,1.832289828,2.711744229
2168,2.824973782,2.074183385
2169,2.588290268,3.002784332
2170,1.961089399,2.483724356
2171,1.983579675,2.229320129
2172,1.905316816,2.725394249
2173,1.922776249,1.852789561
2174,1.876173152,2.020513932
2175,1.840046644,1.862855156
2176,2.098449257,2.524075905
2177,1.87544934,2.049438715
2178,1.642411735,1.7954247
2179,1.639265087,1.966678381
2180,1.621623251,1.59617271
2181,1.728908035,2.19947199
2182,1.817003674,2.695676009
2183,1.700825095,2.396078189
2184,1.758491225,1.885673563
2185,1.839050134,2.061850588
2186,1.656208264,2.030795495
2187,1.796429687,1.86653471
2188,1.689090702,2.779382149
2189,2.0618286,2.426444372
2190,2.959425224,2.320153872
2191,2.661025008,2.047071417
2192,2.294814931,1.884702524
2193,1.657216297,2.333743175
2194,2.006240951,1.936859171
2195,1.77775991,1.678226471
2196,1.726129995,2.17713662
2197,1.811458045,2.31083703
2198,1.667719576,1.843919317
2199,1.719768975,1.977323174
2200,2.187482595,2.243824959
2201,1.84281434,2.172229449
2202,1.752253532,2.275191267
2203,1.683057467,2.027569016
2204,1.658646994,2.183520158
2205,1.777006533,2.22663037
2206,1.805081752,2.592481057
2207,2.078384055,1.679232717
2208,1.74627822,2.521015008
2209,1.598810249,2.026263078
2210,1.649275462,2.14262406
2211,1.654958712,1.924194813
2212,1.678294222,2.752063831
2213,1.761203951,1.922046065
2214,1.57100451,1.665193915
2215,1.662099467,2.144170324
2216,1.813388334,2.16233031
2217,1.681417584,1.902810017
2218,1.705446813,2.270822724
2219,1.739471263,2.245616396
2220,1.737366491,2.195020676
2221,1.801555037,2.392490387
2222,1.871250113,2.159530322
2223,1.669032706,1.957600832
2224,1.79436326,1.810100675
2225,1.823109017,2.142653267
2226,1.777697855,1.893057744
2227,1.641580542,1.958117445
2228,1.606857763,2.023144126
2229,1.641146739,2.148741881
2230,1.671981202,1.85451742
2231,1.66791247,2.106038849
2232,1.699985001,1.565606236
2233,1.834360255,2.193689187
2234,1.755048633,1.812381824
2235,1.718216207,2.18164285
2236,2.045019375,4.493739208
2237,2.635537823,4.221362829
2238,2.864457435,4.283262253
2239,2.091805034,2.899160306
2240,1.786748277,1.693802238
2241,1.632512066,1.925849636
2242,1.621062424,1.870036403
2243,2.004921291,2.046016773
2244,1.653914995,2.001171748
2245,1.604867061,2.145391266
2246,1.691132969,1.970440149
2247,1.581205712,1.945510109
2248,1.657914692,2.215946396
2249,1.837336461,1.831402342
2250,1.726836218,1.921566884
2251,1.555483368,1.793569684
2252,1.67017591,2.062603037
2253,1.665135807,1.568751991
2254,1.979505592,2.333479643
2255,2.215751396,2.168744564
2256,2.772207591,5.19987456
2257,2.858077923,2.113563855
2258,1.656747275,1.921636621
2259,1.629905383,2.20120887
2260,2.106747892,1.973429044
2261,2.043184254,1.897197525
2262,1.605746243,1.79755493
2263,1.591607345,2.095033924
2264,1.676783641,1.752088706
2265,1.651677529,1.803478837
2266,1.639288624,2.018676798
2267,1.62352701,2.135469715
2268,1.687344631,1.576191564
2269,1.783876989,2.067107717
2270,1.705372545,1.890200337
2271,1.693645491,2.177400072
2272,1.720871237,1.868632277
2273,1.72309502,2.217691024
2274,1.810411837,2.087071339
2275,1.727596641,2.158273935
2276,1.684207254,1.98716867
2277,1.933960663,3.065589984
2278,2.113014499,1.976854046
2279,1.843893025,2.158775409
2280,1.811526828,4.895033042
2281,2.581123034,2.983529647
2282,2.718039155,3.886795521
2283,2.368254092,2.20440352
2284,1.895744681,1.871141354
2285,1.556841413,2.223017613
2286,1.724616991,2.488358974
2287,1.743853423,2.267840862
2288,2.085674961,2.205648899
2289,1.923746798,2.642095804
2290,1.942344003,1.78835547
2291,1.714502454,2.166322311
2292,1.6887524,2.143317382
2293,1.67134583,1.895395438
2294,1.748297811,2.186453342
2295,1.582949135,2.22890079
2296,1.75902919,2.357567946
2297,1.804374152,1.991989891
2298,1.851196249,2.704832315
2299,1.742863191,2.212714235
2300,1.645595696,1.961640676
2301,1.573385517,2.063216925
2302,1.613352113,2.058158159
2303,1.758550763,2.021657149
2304,1.894443062,1.774252931
2305,1.628296177,2.213151177
2306,1.719462077,2.072018226
2307,2.250319547,1.974221706
2308,1.895071983,1.839201291
2309,1.614903741,1.897357583
2310,1.619793349,1.771734079
2311,1.625420769,1.625552932
2312,1.650930895,2.137696187
2313,1.790362517,1.770706455
2314,1.758409699,2.485820214
2315,2.115252879,2.511394421
2316,2.183975114,3.747744322
2317,1.90898033,2.356104096
2318,1.639460219,2.12009573
2319,1.613580942,1.892722368
2320,1.658562303,2.367591898
2321,1.605098645,2.15973417
2322,1.611344205,2.165049076
2323,1.633374638,2.261437019
2324,1.683101111,1.924384435
2325,1.64340651,1.658159574
2326,1.618640264,1.947767417
2327,1.788783391,2.617164373
2328,1.647466143,1.801669955
2329,1.63540615,1.956129909
2330,1.871681452,1.941246112
2331,1.923114684,2.514279366
2332,1.95654126,2.576492548
2333,2.054429783,2.216944893
2334,2.279237231,4.620249351
2335,2.494666245,2.19806234
2336,1.67306659,2.202807983
2337,1.827755822,2.553342104
2338,2.088548382,2.092742006
2339,1.852531155,1.563969215
2340,1.95738109,2.788516124
2341,2.065060788,2.310502251
2342,1.80784844,1.861380259
2343,1.624222848,1.876572212
2344,1.609501547,2.303290129
2345,1.757218507,1.720113913
2346,1.627479858,2.13389492
2347,1.663817525,1.715113362
2348,1.640318963,1.783419212
2349,1.709624754,2.368958235
2350,1.625135117,1.923933427
2351,1.568871895,1.936064084
2352,1.675513506,1.637200236
2353,1.575917032,1.935946703
2354,1.684998221,1.87831974
2355,1.734823267,1.742931048
2356,1.713930766,2.208081484
2357,1.71731272,2.266924381
2358,1.72110841,2.252671599
2359,1.764794032,1.913876732
2360,1.670364592,1.922286391
2361,1.63659517,1.646409472
2362,1.742411388,3.289949656
2363,2.259022541,2.69220074
2364,2.583748923,2.230479081
2365,2.274876767,1.918157101
2366,2.032360382,3.291366498
2367,1.941181289,2.22642072
2368,1.675065557,1.777995149
2369,1.605036179,2.014454007
2370,1.566071047,1.910150409
2371,1.632803493,2.249122063
2372,2.437185367,2.593957424
2373,2.005470978,2.045180639
2374,1.676706685,1.886060596
2375,1.601059768,2.167080919
2376,1.611776166,2.067337513
2377,1.663699322,1.874530236
2378,1.635509531,2.156096379
2379,1.953854534,2.002376874
2380,1.694511599,2.074057579
2381,1.756051845,1.722733776
2382,1.629178458,1.753594398
2383,1.65289761,1.636795084
2384,1.53912629,1.891893983
2385,1.536367363,1.92811962
2386,1.73340212,1.628357093
2387,2.015746448,4.561553955
2388,2.955580857,3.270073811
2389,2.25300875,4.428380807
2390,2.724489066,4.184676329
2391,2.364465263,3.152490377
2392,2.470054309,2.990581393
2393,1.871122493,2.078594645
2394,1.845183796,2.06622688
2395,1.62872284,1.797956546
2396,1.578053673,1.993176579
2397,1.614686052,1.711842378
2398,1.634067986,2.63843298
2399,2.378150781,2.23827068
2400,1.783918778,1.529510796
2401,1.701923503,2.470904469
2402,1.637202435,2.451823274
2403,1.640468823,1.954151789
2404,1.567942937,2.218749205
2405,1.637922711,2.156645536
2406,1.660436471,1.907635132
2407,1.619871179,1.843330344
2408,1.820272591,1.809745908
2409,1.855270174,1.551408728
2410,1.734425028,2.777720213
2411,1.746234165,3.030522585
2412,2.468273878,1.967929045
2413,1.818955117,1.824336012
2414,1.847323643,1.988781253
2415,1.648715761,1.927594145
2416,1.92405404,2.31147329
2417,1.686203506,2.235125621
2418,1.599135372,1.81038638
2419,1.584226714,1.886597633
2420,1.619454106,1.91570286
2421,1.656884432,2.159546852
2422,2.00046428,1.739613652
2423,2.267912838,2.606589556
2424,1.960762368,1.795063575
2425,1.760543704,2.007473191
2426,1.616332425,2.182890058
2427,1.652014216,1.961974541
2428,1.709749076,1.854198019
2429,1.74403029,1.958529115
2430,1.561315722,2.040477077
2431,1.564449284,2.094140689
2432,1.634966135,1.847141623
2433,1.696650955,2.175088088
2434,1.673933625,2.229143421
2435,2.087491247,1.911641081
2436,2.059191545,2.271383286
2437,1.896116787,1.91198047
2438,1.676455392,2.050538103
2439,2.348299755,2.538975716
2440,1.753215565,2.253448486
2441,2.049928413,1.954057693
2442,1.85868001,2.047029018
2443,1.840583801,2.094878236
2444,1.627338039,1.943081697
2445,1.692550023,2.647818486
2446,1.716895501,2.32287391
2447,1.883688609,1.783820947
2448,1.781214092,1.709351659
2449,1.575971378,1.651327928
2450,1.666074488,1.812101245
2451,1.581382831,1.756481727
2452,1.587741998,1.984719475
2453,1.618320651,2.129310449
2454,1.829451323,2.615134716
2455,1.837373853,2.915321668
2456,1.802678135,2.24246343
2457,1.609594358,1.991549412
2458,1.973506172,2.555922031
2459,1.899274111,2.206973473
2460,1.693037868,1.782593846
2461,1.717997034,3.615858555
2462,2.369329545,2.317288637
2463,1.589949621,1.76965038
2464,1.54818164,1.854224801
2465,1.565292226,2.058074435
2466,1.620325817,2.165013353
2467,1.699585319,2.732230981
2468,1.966658791,2.17326498
2469,1.674866491,2.012813409
2470,1.703442203,1.701098959
2471,1.749264717,2.045249502
2472,1.648476813,1.986957073
2473,1.64138231,1.561007043
2474,1.754231453,2.313070456
2475,1.684885608,2.240385214
2476,1.675915533,3.012022416
2477,2.088597192,1.763781468
2478,1.610222565,1.974972924
2479,1.887072868,1.980229934
2480,1.771439089,2.933832884
2481,1.897927337,2.238196929
2482,1.790208631,3.604008516
2483,2.451245242,2.120971918
2484,2.386582176,1.921658357
2485,1.782540878,1.715370178
2486,1.615132782,2.014202118
2487,1.636064768,1.79170533
2488,1.639244715,1.693610827
2489,1.667928285,2.345472415
2490,1.653668417,2.052929123
2491,1.660822842,2.195217689
2492,1.585113075,2.024435878
2493,1.6023394,1.90426
2494,1.8410182,2.085428238
2495,1.630281475,2.58994921
2496,1.61382242,2.044889291
2497,1.643854764,1.915627837
2498,1.640726036,2.571473598
2499,2.13453314,2.492745717
2500,2.094800207,1.803449392
2501,1.577984307,1.736453692
2502,1.60510785,2.371966044
2503,1.608582603,2.737988551
2504,1.993008282,1.865947286
2505,2.146557742,2.581243356
2506,1.753972742,2.677339792
2507,1.798957586,2.019473632
2508,1.555190563,2.005464911
2509,1.681706071,1.685182333
2510,1.740389864,2.141143521
2511,2.050855782,2.877996047
2512,2.207674543,2.013303439
2513,2.215905441,1.942890127
2514,2.046355605,2.857253154
2515,2.050401118,2.39373529
2516,1.846170704,1.573149244
2517,1.637732122,2.823428075
2518,1.692663656,2.051961422
2519,1.70931926,1.623596191
2520,1.610736185,1.687649608
2521,1.66862856,2.020285447
2522,1.581393626,1.994158268
2523,2.137894339,2.110571742
2524,1.764305909,2.745194077
2525,2.205196818,1.636544347
2526,2.158620662,2.028881987
2527,1.984919588,2.006896734
2528,1.599436164,2.127375285
2529,1.880046275,1.643840591
2530,2.459528406,2.171173135
2531,1.887602554,2.682583968
2532,2.300503704,2.868228992
2533,2.15607153,2.676690261
2534,1.991438919,1.929081758
2535,1.632347451,1.697054585
2536,1.734602054,2.222986142
2537,1.756711589,2.589898348
2538,2.365724391,2.315050681
2539,1.816025986,1.646548669
2540,1.671007315,1.725196958
2541,1.603144288,2.068935315
2542,1.854084916,2.850767851
2543,1.873854929,1.868909637
2544,1.599634833,1.771708488
2545,1.655644827,1.608159939
2546,1.881532696,2.045516411
2547,1.597088959,1.665821155
2548,1.7154714,1.640992284
2549,1.653562625,2.359994213
2550,2.048202329,1.889283895
2551,1.868972646,2.217593988
2552,1.802124593,2.116701325
2553,1.650556578,1.926822941
2554,1.638227913,1.946154833
2555,1.58694919,2.224868457
2556,1.663604962,2.193476439
2557,1.76160064,1.702437162
2558,1.54680872,2.031767289
2559,1.642533196,1.84967351
2560,1.579066051,1.533328831
2561,1.755792936,2.755839984
2562,1.755388088,3.150410652
2563,2.272165272,1.760870695
2564,2.156477279,2.15966932
2565,2.02586174,2.008811275
2566,1.719063759,2.708151976
2567,2.027609984,2.933509191
2568,1.860404982,1.966564059
2569,1.598966665,1.809394598
2570,1.508838296,1.927332838
2571,1.533823888,1.854484995
2572,1.600602971,1.62596945
2573,1.588628769,1.732071956
2574,1.641598039,2.454459747
2575,1.817867862,2.034098109
2576,1.811916656,2.015454372
2577,1.727592296,1.803648313
2578,1.533359872,1.589483897
2579,1.551185224,1.918880622
2580,1.710282445,1.805619995
2581,1.841796345,1.631970684
2582,1.571660267,2.076113065
2583,1.82970496,1.711777687
2584,1.956810077,3.489444892
2585,3.07026222,1.992342552
2586,2.355587694,2.662313819
2587,2.238355915,2.097607533
2588,2.231436663,2.115601937
2589,1.592729078,2.087929328
2590,1.618871291,2.035466433
2591,1.563872788,1.976001223
2592,1.66380167,1.808485587
2593,1.657123102,2.124549786
2594,1.534279505,1.710198681
2595,1.550242914,1.757150888
2596,1.650123437,2.314521631
2597,1.821489122,3.173722108
2598,2.0176703,2.726822456
2599,1.978438748,2.667106867
2600,1.908372137,1.745786746
2601,1.780496849,2.506891171
2602,1.863660124,2.871023575
2603,2.033872724,2.838260889
2604,1.805778477,1.90010194
2605,1.68058304,1.788522998
2606,2.067384839,1.740269701
2607,1.847049673,1.657074908
2608,1.66929547,1.768135389
2609,1.54286427,2.126657963
2610,1.643852141,1.947622538
2611,1.646964696,2.772677461
2612,1.714378675,1.649773955
2613,2.005446619,2.364726742
2614,1.812058343,3.071160475
2615,1.828394307,2.916519642
2616,1.766537189,1.731414398
2617,1.573470235,2.803177436
2618,1.536775933,1.731587331
2619,1.679158171,1.914726694
2620,1.802784602,2.272258679
2621,1.605928885,1.971428434
2622,1.51940514,1.854930758
2623,1.49638678,2.297579765
2624,1.550962422,1.785868605
2625,1.693869405,2.078769684
2626,1.861697356,2.728076379
2627,2.505840792,2.114186923
2628,2.609687249,2.114385605
2629,1.96564122,2.243680239
2630,1.655893048,1.646328966
2631,1.544302331,1.658433398
2632,1.560280085,2.537668665
2633,1.647859852,2.256616712
2634,2.037565337,1.884496848
2635,1.640734143,2.46579814
2636,1.98427693,1.760063807
2637,1.671199256,2.310687383
2638,1.794826335,1.743961255
2639,1.536910693,1.985638022
2640,1.597498218,2.615319053
2641,1.818509108,2.298035185
2642,1.953866879,2.154503822
2643,1.680006146,2.091380397
2644,1.68909061,1.794722676
2645,1.559028559,1.636557738
2646,1.523514933,1.813437343
2647,1.764427649,2.741237005
2648,2.100508769,2.840727568
2649,2.208493034,1.923668226
2650,1.761661198,1.681312561
2651,1.656424801,2.555696328
2652,1.994325823,1.778823614
2653,1.74721898,2.029905319
2654,1.647893826,2.542397738
2655,1.870860895,3.100400607
2656,1.913574947,1.88484625
2657,1.525529795,1.644452294
2658,1.658829066,2.722086668
2659,1.731746289,3.741310358
2660,1.666038672,1.705584447
2661,1.746497856,3.12457037
2662,1.901361863,2.185825149
2663,1.839459459,1.658292969
2664,1.648450997,1.87157011
2665,1.58212826,1.609752735
2666,1.562196109,1.851586938
2667,1.554445426,2.098215103
2668,1.614941067,1.825767994
2669,1.497934063,2.208979885
2670,1.661088255,2.094690045
2671,1.626356006,1.570971549
2672,1.514633682,1.755890568
2673,1.606840928,1.606930455
2674,1.536200258,1.785775979
2675,1.595322251,1.701870521
2676,1.72175169,1.915731192
2677,1.755200174,1.895408948
2678,1.759913405,2.148519198
2679,1.727303478,2.156894207
2680,1.959448934,4.318814437
2681,2.552709474,3.984321435
2682,2.435885893,2.062806606
2683,2.285152157,1.942936778
2684,1.740253753,2.150977294
2685,1.858782185,2.730135202
2686,2.133124047,2.161140283
2687,2.41082067,1.963662346
2688,1.84740497,2.929767291
2689,2.209310002,4.139194965
2690,2.479164918,2.918584108
2691,1.895991617,2.536587795
2692,2.048411965,2.22489814
2693,1.734043572,2.149686615
2694,1.559444335,1.971318205
2695,1.592615684,1.636073828
2696,1.551709957,1.872874975
2697,1.603266133,2.233019749
2698,1.919418878,2.71132648
2699,1.80046214,2.678487619
2700,1.569505877,2.244607528
2701,1.611491654,3.642535369
2702,2.003284587,1.555779636
2703,1.639519956,2.123956998
2704,1.610773789,1.830907027
2705,1.846167988,2.300454696
2706,1.639660252,1.735188047
2707,1.617053231,2.87106363
2708,2.235066904,1.968714317
2709,1.905053669,2.559132854
2710,1.805048757,2.14751633
2711,1.670076529,2.111146092
2712,1.59225097,1.886293928
2713,1.8319162,2.053215742
2714,1.793838051,1.861771146
2715,1.81496395,1.672303398
2716,1.66849988,2.113928636
2717,1.571764747,2.187908252
2718,1.733115408,1.628319979
2719,1.645354721,2.25951616
2720,1.716272328,3.121865908
2721,1.755515112,1.72787861
2722,1.629308396,1.85889403
2723,1.656833914,2.087161581
2724,1.493607283,2.021466414
2725,1.510278993,2.154860576
2726,1.64300855,1.824829936
2727,1.574478825,1.813488205
2728,1.764211204,2.524763107
2729,1.924427576,1.917061249
2730,1.946764588,1.616591454
2731,1.55036056,1.74606514
2732,1.608526508,1.766252875
2733,1.665720118,1.817873955
2734,1.70112635,2.73052295
2735,1.795159923,1.925270995
2736,1.571570529,2.312140067
2737,1.592996438,1.549833337
2738,1.618221919,2.460907658
2739,1.707164804,1.983519514
2740,1.56396136,1.994756341
2741,1.698240108,1.712317904
2742,1.647992333,2.052754283
2743,1.528143803,2.096660614
2744,1.592443877,1.884803772
2745,1.686642898,1.923114061
2746,1.573007014,2.122691433
2747,1.578607308,2.211551428
2748,1.69093842,1.655121326
2749,1.545144227,2.775069634
2750,1.741342995,1.814249754
2751,1.537817531,1.528818349
2752,1.535686135,2.596161207
2753,1.819350229,2.15536356
2754,1.667825566,1.999681671
2755,1.836601814,2.749511878
2756,2.2221794,1.891217629
2757,1.769848294,2.060936054
2758,3.520830088,1.900592486
2759,2.664191233,1.755708059
2760,1.831749254,2.322687546
2761,1.692616926,1.897889376
2762,1.702943987,2.71462218
2763,2.01691707,1.833301067
2764,1.792171001,1.937576453
2765,1.917086058,2.020818273
2766,1.687736299,1.694268425
2767,1.806216598,2.596757571
2768,1.930182629,1.808957616
2769,2.019313812,2.462597132
2770,2.277493517,3.228586276
2771,2.282478849,1.826248129
2772,1.660537084,1.809528391
2773,1.778758076,2.047313213
2774,1.875220339,2.004226009
2775,1.985320634,2.25665013
2776,1.571278532,1.87571013
2777,1.516957601,1.993963838
2778,1.552541335,2.024531245
2779,1.601869398,2.060318311
2780,1.504366451,1.634123166
2781,1.670087695,2.740265449
2782,1.687901841,1.931348125
2783,1.554027703,1.746173382
2784,1.512601985,1.917523185
2785,1.551236762,1.616206566
2786,1.584149175,1.840255658
2787,1.538833711,2.143795967
2788,1.532379786,2.146851699
2789,1.628426234,1.661922455
2790,1.713650664,1.886371692
2791,1.528449668,1.65952003
2792,1.53819614,1.79468139
2793,1.68960158,2.51353248
2794,2.078796387,2.141746521
2795,1.804730892,2.066980282
2796,1.731467419,2.137463053
2797,1.569962131,1.773054441
2798,1.722512682,2.074423711
2799,1.723686702,1.799139778
2800,1.503433519,1.978599588
2801,1.527095159,1.854652127
2802,1.710774369,2.568465869
2803,2.774748166,2.213910103
2804,2.073051002,2.936711709
2805,2.427840432,1.879537344
2806,1.814235687,1.701416572
2807,1.77083279,2.617007097
2808,2.041847269,3.245296001
2809,2.278906504,1.864058415
2810,1.647823744,1.700092753
2811,1.958247887,3.049712737
2812,2.08573846,2.462773482
2813,1.749602093,2.203121265
2814,1.756395737,2.317100724
2815,1.70389031,1.700377901
2816,1.680431604,2.47816968
2817,1.801712394,1.792133133
2818,1.532386568,2.683461785
2819,1.871175938,1.551452239
2820,1.574328926,1.906041741
2821,1.895943483,2.662263234
2822,1.758531385,1.748155673
2823,1.510095464,1.915726701
2824,1.52461995,1.983327389
2825,1.509534624,1.940993587
2826,1.497224212,1.711831808
2827,1.598015573,1.566650271
2828,1.49607269,1.59284091
2829,1.498691585,1.96697108
2830,1.489609241,1.823935747
2831,1.478821754,1.840695858
2832,1.776334551,2.222858628
2833,1.750583755,1.746805151
2834,1.659929421,1.811760426
2835,1.572330488,1.605148991
2836,1.489072972,2.54539156
2837,1.574596312,2.099632065
2838,1.602161672,1.971474886
2839,1.581246363,1.74958845
2840,1.522671448,2.981334368
2841,1.569569654,1.799989065
2842,1.45096363,1.7959402
2843,1.49798739,1.809148947
2844,1.660264399,1.795743386
2845,1.67783769,1.676313996
2846,1.497073849,1.824450572
2847,1.536264221,2.02041467
2848,2.007639488,1.944369555
2849,2.031614463,1.518055518
2850,1.551489313,2.10133036
2851,1.891973694,2.25339969
2852,1.54948477,2.246434569
2853,1.731057763,1.75367554
2854,1.665122906,2.937415441
2855,1.732064115,1.648025235
2856,1.55180392,2.034494877
2857,1.968588207,2.254428824
2858,2.089705533,2.435403109
2859,1.839680778,2.097494165
2860,1.95687898,2.107268492
2861,1.792961001,1.901617686
2862,1.539105203,1.669789116
2863,1.653528253,2.073788563
2864,2.052070379,4.265648206
2865,2.164135721,2.197202802
2866,1.629315429,1.677883108
2867,1.554539959,2.462870876
2868,1.670764936,1.523955683
2869,1.7517237,2.14075923
2870,2.032397151,2.307305495
2871,2.482812021,1.948164145
2872,1.748266511,1.835268815
2873,1.505311635,2.17286396
2874,1.628244413,1.787818631
2875,1.512430098,1.673168182
2876,1.520260255,2.263611356
2877,1.757668296,2.160425464
2878,1.693590204,1.698151787
2879,1.680773417,1.935427149
2880,1.584615668,1.710596124
2881,1.745088432,2.808585882
2882,1.715481546,2.099275788
2883,1.62991186,1.656993389
2884,1.711919665,1.643259366
2885,1.539279872,2.034993649
2886,1.753072143,3.357775291
2887,1.750974019,2.105857333
2888,1.637290928,1.755481919
2889,1.556289143,1.603657643
2890,1.5355538,1.966803829
2891,1.547845337,1.682954232
2892,1.510272304,1.776647011
2893,1.51116591,1.731093844
2894,1.682143052,1.753427764
2895,1.907102638,1.920668562
2896,1.840819372,2.334091425
2897,1.825705912,2.881238619
2898,1.935173512,1.971468329
2899,1.609784259,2.091028492
2900,1.612116641,1.707681219
2901,1.572615849,3.118344704
2902,1.941670087,2.213196357
2903,1.784470836,1.951600273
2904,1.70187313,2.186449687
2905,2.079964095,2.807740132
2906,2.356739216,1.942268809
2907,1.882030884,1.916922132
2908,1.534862081,1.543387473
2909,1.512883835,1.872107387
2910,1.519247532,2.328486443
2911,1.620527811,1.891431014
2912,1.511237621,1.692747752
2913,1.579104331,1.925204078
2914,1.589965926,2.032833258
2915,1.63851734,2.346062779
2916,1.681453877,2.001933177
2917,1.731938865,3.507381519
2918,2.109794696,2.108080188
2919,1.611409201,2.133838415
2920,1.650574843,2.347549359
2921,2.301761031,2.076566339
2922,1.68940707,1.852612257
2923,1.698471718,1.858589729
2924,1.678463353,2.193145911
2925,1.794457078,2.391806523
2926,1.568434477,1.69350485
2927,1.488810592,1.528851012
2928,1.566795932,2.176858266
2929,1.897925403,1.814490438
2930,1.84865888,2.080372532
2931,1.832631429,2.176680962
2932,1.586147547,1.641842961
2933,1.661772251,1.676442703
2934,1.559281389,1.669234475
2935,1.5377288,2.36731712
2936,1.547656271,2.157090386
2937,1.601477517,2.059807181
2938,1.513061815,1.690763871
2939,1.641113811,1.916556279
2940,1.843283719,2.012878577
2941,2.164846235,2.405152559
2942,3.024544981,1.735450308
2943,1.992293821,1.721649567
2944,1.628759901,1.795650681
2945,2.026610865,1.945153157
2946,1.742111511,2.510429223
2947,1.861947113,2.702420155
2948,1.96109381,1.84258457
2949,1.537157257,1.674556136
2950,1.770878885,1.725870728
2951,1.576065977,1.796507915
2952,1.49223623,2.02948308
2953,1.608513766,1.967844884
2954,1.472395738,2.040130615
2955,1.51975184,1.636646152
2956,1.48544987,1.823443095
2957,1.493311683,2.120333751
2958,1.579004831,2.019518773
2959,1.542765359,2.333936453
2960,1.513033589,2.042757154
2961,1.537744482,2.045521736
2962,1.512143612,2.076904813
2963,1.58200003,1.576432586
2964,1.612042573,2.107639233
2965,1.630964849,1.888502916
2966,1.760434906,3.136092107
2967,2.263562295,2.894077698
2968,2.158324705,1.7217712
2969,1.650817884,1.856865168
2970,1.530496915,1.86191984
2971,1.50838142,1.947125951
2972,1.766768124,1.924976945
2973,1.744971222,1.623823007
2974,1.712018212,4.100108465
2975,1.9352306,2.587777694
2976,2.311682926,2.417296648
2977,1.593101886,2.869681438
2978,1.887043251,1.817428549
2979,1.643740058,1.910248756
2980,1.599125968,1.70128874
2981,1.570917209,1.552613179
2982,1.477782766,1.628913879
2983,1.502734754,2.535152157
2984,1.58815629,1.86984388
2985,1.53736941,1.734457215
2986,1.522229009,1.623155276
2987,1.795015216,1.670156201
2988,2.006273071,3.066089312
2989,1.859157099,2.405242205
2990,2.319838232,2.797142903
2991,1.958142559,3.17123874
2992,2.379163848,2.275169134
2993,2.073084103,1.883233547
2994,1.557704078,2.330567876
2995,1.600028343,1.865287741
2996,1.478639099,1.71156919
2997,1.497193164,1.680264235
2998,1.596432527,2.753129959
2999,1.563924578,1.843802174
3000,1.505210426,2.144465407
